<?xml version="1.0" encoding="UTF-8"?>
<gpx version="1.1" creator="hike-trip" xmlns="http://www.topografix.com/GPX/1/1">
  <metadata>
    <name>Špik from Krnica Valley</name>
    <desc>Routed with BRouter (hiking-mountain) over OpenStreetMap data through hand-verified anchor points. Schematic in places — verify against signage on the ground.</desc>
    <copyright author="OpenStreetMap contributors"><license>https://www.openstreetmap.org/copyright</license></copyright>
    <bounds minlat="46.432232" minlon="13.787648" maxlat="46.44985" maxlon="13.814458"/>
  </metadata>
  <wpt lat="46.4324" lon="13.7876"><name>Trailhead — Špik from Krnica Valley</name><sym>Trail Head</sym></wpt>
  <wpt lat="46.4488" lon="13.8143"><ele>2472</ele><name>Špik</name><sym>Summit</sym></wpt>
  <trk>
    <name>Špik from Krnica Valley (Up Gruntovica, down Kačji graben)</name>
    <type>hiking</type>
    <trkseg>
      <trkpt lat="46.432426" lon="13.787648"><ele>1111</ele></trkpt>
      <trkpt lat="46.432378" lon="13.787704"><ele>1112</ele></trkpt>
      <trkpt lat="46.432385" lon="13.787806"><ele>1112</ele></trkpt>
      <trkpt lat="46.432422" lon="13.787831"><ele>1112</ele></trkpt>
      <trkpt lat="46.432453" lon="13.787796"><ele>1111</ele></trkpt>
      <trkpt lat="46.432536" lon="13.787813"><ele>1111</ele></trkpt>
      <trkpt lat="46.432556" lon="13.787895"><ele>1111</ele></trkpt>
      <trkpt lat="46.432543" lon="13.787996"><ele>1111</ele></trkpt>
      <trkpt lat="46.432544" lon="13.788063"><ele>1112</ele></trkpt>
      <trkpt lat="46.432575" lon="13.788123"><ele>1112</ele></trkpt>
      <trkpt lat="46.432633" lon="13.788201"><ele>1112</ele></trkpt>
      <trkpt lat="46.432699" lon="13.78823"><ele>1111</ele></trkpt>
      <trkpt lat="46.432717" lon="13.788271"><ele>1111</ele></trkpt>
      <trkpt lat="46.432807" lon="13.78831"><ele>1110</ele></trkpt>
      <trkpt lat="46.432925" lon="13.788454"><ele>1110</ele></trkpt>
      <trkpt lat="46.432958" lon="13.788538"><ele>1110</ele></trkpt>
      <trkpt lat="46.432978" lon="13.788633"><ele>1110</ele></trkpt>
      <trkpt lat="46.433115" lon="13.788869"><ele>1109</ele></trkpt>
      <trkpt lat="46.433159" lon="13.788962"><ele>1108</ele></trkpt>
      <trkpt lat="46.433282" lon="13.78912"><ele>1106</ele></trkpt>
      <trkpt lat="46.433333" lon="13.789194"><ele>1105</ele></trkpt>
      <trkpt lat="46.433384" lon="13.789285"><ele>1105</ele></trkpt>
      <trkpt lat="46.433446" lon="13.789531"><ele>1104</ele></trkpt>
      <trkpt lat="46.433485" lon="13.789603"><ele>1103</ele></trkpt>
      <trkpt lat="46.433527" lon="13.789616"><ele>1102</ele></trkpt>
      <trkpt lat="46.433555" lon="13.789608"><ele>1102</ele></trkpt>
      <trkpt lat="46.433588" lon="13.789712"><ele>1101</ele></trkpt>
      <trkpt lat="46.433571" lon="13.789791"><ele>1102</ele></trkpt>
      <trkpt lat="46.433527" lon="13.789838"><ele>1103</ele></trkpt>
      <trkpt lat="46.433523" lon="13.789883"><ele>1103</ele></trkpt>
      <trkpt lat="46.433528" lon="13.789955"><ele>1104</ele></trkpt>
      <trkpt lat="46.433556" lon="13.790025"><ele>1104</ele></trkpt>
      <trkpt lat="46.433567" lon="13.79007"><ele>1104</ele></trkpt>
      <trkpt lat="46.433545" lon="13.790113"><ele>1104</ele></trkpt>
      <trkpt lat="46.433509" lon="13.790138"><ele>1105</ele></trkpt>
      <trkpt lat="46.43348" lon="13.790175"><ele>1106</ele></trkpt>
      <trkpt lat="46.433466" lon="13.790235"><ele>1106</ele></trkpt>
      <trkpt lat="46.433439" lon="13.790305"><ele>1107</ele></trkpt>
      <trkpt lat="46.433411" lon="13.790335"><ele>1108</ele></trkpt>
      <trkpt lat="46.433309" lon="13.79037"><ele>1109</ele></trkpt>
      <trkpt lat="46.43327" lon="13.790414"><ele>1110</ele></trkpt>
      <trkpt lat="46.433214" lon="13.790436"><ele>1111</ele></trkpt>
      <trkpt lat="46.433155" lon="13.790537"><ele>1112</ele></trkpt>
      <trkpt lat="46.433088" lon="13.790609"><ele>1113</ele></trkpt>
      <trkpt lat="46.433058" lon="13.790668"><ele>1114</ele></trkpt>
      <trkpt lat="46.433034" lon="13.790734"><ele>1115</ele></trkpt>
      <trkpt lat="46.433019" lon="13.790812"><ele>1116</ele></trkpt>
      <trkpt lat="46.433017" lon="13.790864"><ele>1117</ele></trkpt>
      <trkpt lat="46.433007" lon="13.790915"><ele>1118</ele></trkpt>
      <trkpt lat="46.432993" lon="13.790946"><ele>1119</ele></trkpt>
      <trkpt lat="46.432963" lon="13.790995"><ele>1120</ele></trkpt>
      <trkpt lat="46.432917" lon="13.79101"><ele>1120</ele></trkpt>
      <trkpt lat="46.432892" lon="13.791036"><ele>1121</ele></trkpt>
      <trkpt lat="46.432818" lon="13.791141"><ele>1122</ele></trkpt>
      <trkpt lat="46.432797" lon="13.791187"><ele>1122</ele></trkpt>
      <trkpt lat="46.432805" lon="13.791244"><ele>1123</ele></trkpt>
      <trkpt lat="46.432865" lon="13.791324"><ele>1125</ele></trkpt>
      <trkpt lat="46.43286" lon="13.791396"><ele>1126</ele></trkpt>
      <trkpt lat="46.432888" lon="13.791474"><ele>1126</ele></trkpt>
      <trkpt lat="46.432897" lon="13.791546"><ele>1126</ele></trkpt>
      <trkpt lat="46.432912" lon="13.791559"><ele>1126</ele></trkpt>
      <trkpt lat="46.432924" lon="13.791586"><ele>1125</ele></trkpt>
      <trkpt lat="46.432896" lon="13.791629"><ele>1126</ele></trkpt>
      <trkpt lat="46.432858" lon="13.791666"><ele>1127</ele></trkpt>
      <trkpt lat="46.432803" lon="13.791801"><ele>1127</ele></trkpt>
      <trkpt lat="46.432758" lon="13.791859"><ele>1127</ele></trkpt>
      <trkpt lat="46.432736" lon="13.791919"><ele>1127</ele></trkpt>
      <trkpt lat="46.43272" lon="13.791978"><ele>1127</ele></trkpt>
      <trkpt lat="46.432733" lon="13.792089"><ele>1127</ele></trkpt>
      <trkpt lat="46.43273" lon="13.79218"><ele>1128</ele></trkpt>
      <trkpt lat="46.432746" lon="13.792229"><ele>1127</ele></trkpt>
      <trkpt lat="46.43279" lon="13.792315"><ele>1128</ele></trkpt>
      <trkpt lat="46.432809" lon="13.792371"><ele>1129</ele></trkpt>
      <trkpt lat="46.432817" lon="13.792416"><ele>1130</ele></trkpt>
      <trkpt lat="46.432838" lon="13.792437"><ele>1131</ele></trkpt>
      <trkpt lat="46.432903" lon="13.792457"><ele>1131</ele></trkpt>
      <trkpt lat="46.432936" lon="13.792502"><ele>1132</ele></trkpt>
      <trkpt lat="46.432956" lon="13.792552"><ele>1133</ele></trkpt>
      <trkpt lat="46.432972" lon="13.792605"><ele>1134</ele></trkpt>
      <trkpt lat="46.432976" lon="13.792653"><ele>1135</ele></trkpt>
      <trkpt lat="46.432958" lon="13.79278"><ele>1137</ele></trkpt>
      <trkpt lat="46.432978" lon="13.792857"><ele>1138</ele></trkpt>
      <trkpt lat="46.432975" lon="13.792905"><ele>1139</ele></trkpt>
      <trkpt lat="46.432991" lon="13.792972"><ele>1139</ele></trkpt>
      <trkpt lat="46.43297" lon="13.793047"><ele>1141</ele></trkpt>
      <trkpt lat="46.432899" lon="13.793142"><ele>1143</ele></trkpt>
      <trkpt lat="46.432875" lon="13.793282"><ele>1145</ele></trkpt>
      <trkpt lat="46.432807" lon="13.793413"><ele>1148</ele></trkpt>
      <trkpt lat="46.432781" lon="13.793442"><ele>1149</ele></trkpt>
      <trkpt lat="46.432755" lon="13.793516"><ele>1150</ele></trkpt>
      <trkpt lat="46.432755" lon="13.793586"><ele>1152</ele></trkpt>
      <trkpt lat="46.432711" lon="13.793716"><ele>1154</ele></trkpt>
      <trkpt lat="46.43268" lon="13.793837"><ele>1156</ele></trkpt>
      <trkpt lat="46.432642" lon="13.794178"><ele>1160</ele></trkpt>
      <trkpt lat="46.432661" lon="13.794222"><ele>1160</ele></trkpt>
      <trkpt lat="46.432593" lon="13.794393"><ele>1163</ele></trkpt>
      <trkpt lat="46.432555" lon="13.794467"><ele>1165</ele></trkpt>
      <trkpt lat="46.432553" lon="13.79455"><ele>1166</ele></trkpt>
      <trkpt lat="46.432526" lon="13.794679"><ele>1167</ele></trkpt>
      <trkpt lat="46.432447" lon="13.794792"><ele>1169</ele></trkpt>
      <trkpt lat="46.432426" lon="13.794886"><ele>1170</ele></trkpt>
      <trkpt lat="46.432369" lon="13.794971"><ele>1171</ele></trkpt>
      <trkpt lat="46.43235" lon="13.795139"><ele>1173</ele></trkpt>
      <trkpt lat="46.432354" lon="13.7952"><ele>1174</ele></trkpt>
      <trkpt lat="46.432333" lon="13.795258"><ele>1175</ele></trkpt>
      <trkpt lat="46.432291" lon="13.795343"><ele>1177</ele></trkpt>
      <trkpt lat="46.432246" lon="13.795417"><ele>1178</ele></trkpt>
      <trkpt lat="46.432232" lon="13.795514"><ele>1179</ele></trkpt>
      <trkpt lat="46.432299" lon="13.795615"><ele>1180</ele></trkpt>
      <trkpt lat="46.432304" lon="13.795676"><ele>1181</ele></trkpt>
      <trkpt lat="46.432285" lon="13.795748"><ele>1182</ele></trkpt>
      <trkpt lat="46.432282" lon="13.79583"><ele>1184</ele></trkpt>
      <trkpt lat="46.432306" lon="13.795921"><ele>1185</ele></trkpt>
      <trkpt lat="46.432329" lon="13.79596"><ele>1186</ele></trkpt>
      <trkpt lat="46.432314" lon="13.796039"><ele>1187</ele></trkpt>
      <trkpt lat="46.432337" lon="13.796075"><ele>1188</ele></trkpt>
      <trkpt lat="46.432373" lon="13.796172"><ele>1190</ele></trkpt>
      <trkpt lat="46.432373" lon="13.796232"><ele>1191</ele></trkpt>
      <trkpt lat="46.432358" lon="13.796262"><ele>1192</ele></trkpt>
      <trkpt lat="46.432358" lon="13.796309"><ele>1193</ele></trkpt>
      <trkpt lat="46.432375" lon="13.796348"><ele>1194</ele></trkpt>
      <trkpt lat="46.432395" lon="13.796375"><ele>1195</ele></trkpt>
      <trkpt lat="46.432403" lon="13.796441"><ele>1196</ele></trkpt>
      <trkpt lat="46.432424" lon="13.796488"><ele>1198</ele></trkpt>
      <trkpt lat="46.432416" lon="13.796557"><ele>1199</ele></trkpt>
      <trkpt lat="46.432424" lon="13.796863"><ele>1205</ele></trkpt>
      <trkpt lat="46.432403" lon="13.79697"><ele>1207</ele></trkpt>
      <trkpt lat="46.432433" lon="13.797273"><ele>1212</ele></trkpt>
      <trkpt lat="46.432509" lon="13.797394"><ele>1214</ele></trkpt>
      <trkpt lat="46.432549" lon="13.797482"><ele>1216</ele></trkpt>
      <trkpt lat="46.432576" lon="13.797568"><ele>1217</ele></trkpt>
      <trkpt lat="46.432576" lon="13.797634"><ele>1218</ele></trkpt>
      <trkpt lat="46.432612" lon="13.797697"><ele>1219</ele></trkpt>
      <trkpt lat="46.432602" lon="13.79778"><ele>1220</ele></trkpt>
      <trkpt lat="46.432583" lon="13.797848"><ele>1220</ele></trkpt>
      <trkpt lat="46.432585" lon="13.798003"><ele>1221</ele></trkpt>
      <trkpt lat="46.432718" lon="13.798088"><ele>1225</ele></trkpt>
      <trkpt lat="46.432769" lon="13.798137"><ele>1227</ele></trkpt>
      <trkpt lat="46.432813" lon="13.798234"><ele>1228</ele></trkpt>
      <trkpt lat="46.432832" lon="13.798325"><ele>1229</ele></trkpt>
      <trkpt lat="46.432845" lon="13.798443"><ele>1231</ele></trkpt>
      <trkpt lat="46.432862" lon="13.798537"><ele>1233</ele></trkpt>
      <trkpt lat="46.432866" lon="13.798622"><ele>1235</ele></trkpt>
      <trkpt lat="46.432845" lon="13.798779"><ele>1237</ele></trkpt>
      <trkpt lat="46.43284" lon="13.798884"><ele>1239</ele></trkpt>
      <trkpt lat="46.432849" lon="13.798966"><ele>1242</ele></trkpt>
      <trkpt lat="46.432876" lon="13.799043"><ele>1244</ele></trkpt>
      <trkpt lat="46.432938" lon="13.799085"><ele>1245</ele></trkpt>
      <trkpt lat="46.432982" lon="13.799156"><ele>1247</ele></trkpt>
      <trkpt lat="46.433027" lon="13.799178"><ele>1247</ele></trkpt>
      <trkpt lat="46.433043" lon="13.799247"><ele>1249</ele></trkpt>
      <trkpt lat="46.433143" lon="13.799346"><ele>1252</ele></trkpt>
      <trkpt lat="46.433177" lon="13.799437"><ele>1255</ele></trkpt>
      <trkpt lat="46.433266" lon="13.799514"><ele>1258</ele></trkpt>
      <trkpt lat="46.433416" lon="13.799679"><ele>1266</ele></trkpt>
      <trkpt lat="46.433449" lon="13.799701"><ele>1267</ele></trkpt>
      <trkpt lat="46.433468" lon="13.799767"><ele>1270</ele></trkpt>
      <trkpt lat="46.433502" lon="13.799817"><ele>1272</ele></trkpt>
      <trkpt lat="46.43357" lon="13.799902"><ele>1275</ele></trkpt>
      <trkpt lat="46.433646" lon="13.799974"><ele>1277</ele></trkpt>
      <trkpt lat="46.43371" lon="13.800056"><ele>1281</ele></trkpt>
      <trkpt lat="46.433766" lon="13.800092"><ele>1284</ele></trkpt>
      <trkpt lat="46.43384" lon="13.800073"><ele>1283</ele></trkpt>
      <trkpt lat="46.433914" lon="13.8001"><ele>1286</ele></trkpt>
      <trkpt lat="46.433967" lon="13.800087"><ele>1285</ele></trkpt>
      <trkpt lat="46.434113" lon="13.800175"><ele>1290</ele></trkpt>
      <trkpt lat="46.434191" lon="13.800235"><ele>1292</ele></trkpt>
      <trkpt lat="46.434376" lon="13.800337"><ele>1295</ele></trkpt>
      <trkpt lat="46.434424" lon="13.800423"><ele>1296</ele></trkpt>
      <trkpt lat="46.434487" lon="13.8005"><ele>1301</ele></trkpt>
      <trkpt lat="46.434552" lon="13.800558"><ele>1307</ele></trkpt>
      <trkpt lat="46.434673" lon="13.80064"><ele>1317</ele></trkpt>
      <trkpt lat="46.434727" lon="13.800698"><ele>1321</ele></trkpt>
      <trkpt lat="46.434735" lon="13.800731"><ele>1321</ele></trkpt>
      <trkpt lat="46.434726" lon="13.8008"><ele>1321</ele></trkpt>
      <trkpt lat="46.434756" lon="13.800826"><ele>1323</ele></trkpt>
      <trkpt lat="46.434857" lon="13.800875"><ele>1331</ele></trkpt>
      <trkpt lat="46.434895" lon="13.800932"><ele>1334</ele></trkpt>
      <trkpt lat="46.434907" lon="13.801032"><ele>1336</ele></trkpt>
      <trkpt lat="46.434991" lon="13.801125"><ele>1343</ele></trkpt>
      <trkpt lat="46.434991" lon="13.801231"><ele>1345</ele></trkpt>
      <trkpt lat="46.43502" lon="13.80139"><ele>1347</ele></trkpt>
      <trkpt lat="46.435071" lon="13.801585"><ele>1351</ele></trkpt>
      <trkpt lat="46.435152" lon="13.80176"><ele>1353</ele></trkpt>
      <trkpt lat="46.435235" lon="13.801916"><ele>1358</ele></trkpt>
      <trkpt lat="46.435243" lon="13.802052"><ele>1359</ele></trkpt>
      <trkpt lat="46.435323" lon="13.802204"><ele>1363</ele></trkpt>
      <trkpt lat="46.435361" lon="13.802414"><ele>1366</ele></trkpt>
      <trkpt lat="46.435433" lon="13.80264"><ele>1371</ele></trkpt>
      <trkpt lat="46.435514" lon="13.802761"><ele>1377</ele></trkpt>
      <trkpt lat="46.435557" lon="13.802874"><ele>1381</ele></trkpt>
      <trkpt lat="46.435635" lon="13.802959"><ele>1383</ele></trkpt>
      <trkpt lat="46.435645" lon="13.803037"><ele>1385</ele></trkpt>
      <trkpt lat="46.435651" lon="13.80324"><ele>1388</ele></trkpt>
      <trkpt lat="46.435688" lon="13.803341"><ele>1391</ele></trkpt>
      <trkpt lat="46.435726" lon="13.803516"><ele>1397</ele></trkpt>
      <trkpt lat="46.435729" lon="13.803617"><ele>1400</ele></trkpt>
      <trkpt lat="46.435788" lon="13.803719"><ele>1404</ele></trkpt>
      <trkpt lat="46.435857" lon="13.80375"><ele>1407</ele></trkpt>
      <trkpt lat="46.435922" lon="13.803894"><ele>1410</ele></trkpt>
      <trkpt lat="46.436085" lon="13.804112"><ele>1417</ele></trkpt>
      <trkpt lat="46.436144" lon="13.804163"><ele>1420</ele></trkpt>
      <trkpt lat="46.436182" lon="13.804299"><ele>1422</ele></trkpt>
      <trkpt lat="46.436221" lon="13.804273"><ele>1423</ele></trkpt>
      <trkpt lat="46.436265" lon="13.804244"><ele>1425</ele></trkpt>
      <trkpt lat="46.43634" lon="13.804225"><ele>1427</ele></trkpt>
      <trkpt lat="46.436375" lon="13.80417"><ele>1428</ele></trkpt>
      <trkpt lat="46.436461" lon="13.804182"><ele>1431</ele></trkpt>
      <trkpt lat="46.436601" lon="13.804268"><ele>1437</ele></trkpt>
      <trkpt lat="46.436703" lon="13.804275"><ele>1442</ele></trkpt>
      <trkpt lat="46.436826" lon="13.804198"><ele>1448</ele></trkpt>
      <trkpt lat="46.436893" lon="13.804089"><ele>1451</ele></trkpt>
      <trkpt lat="46.436958" lon="13.804011"><ele>1454</ele></trkpt>
      <trkpt lat="46.437019" lon="13.803917"><ele>1456</ele></trkpt>
      <trkpt lat="46.437081" lon="13.803754"><ele>1457</ele></trkpt>
      <trkpt lat="46.437121" lon="13.803676"><ele>1458</ele></trkpt>
      <trkpt lat="46.437229" lon="13.803543"><ele>1461</ele></trkpt>
      <trkpt lat="46.437277" lon="13.803407"><ele>1462</ele></trkpt>
      <trkpt lat="46.437387" lon="13.803302"><ele>1468</ele></trkpt>
      <trkpt lat="46.437575" lon="13.803088"><ele>1478</ele></trkpt>
      <trkpt lat="46.43758" lon="13.802971"><ele>1476</ele></trkpt>
      <trkpt lat="46.437612" lon="13.802917"><ele>1477</ele></trkpt>
      <trkpt lat="46.437722" lon="13.802866"><ele>1483</ele></trkpt>
      <trkpt lat="46.437835" lon="13.802737"><ele>1487</ele></trkpt>
      <trkpt lat="46.437958" lon="13.802613"><ele>1491</ele></trkpt>
      <trkpt lat="46.438017" lon="13.802535"><ele>1493</ele></trkpt>
      <trkpt lat="46.43809" lon="13.802539"><ele>1498</ele></trkpt>
      <trkpt lat="46.438205" lon="13.802582"><ele>1505</ele></trkpt>
      <trkpt lat="46.438286" lon="13.802632"><ele>1511</ele></trkpt>
      <trkpt lat="46.438364" lon="13.802617"><ele>1515</ele></trkpt>
      <trkpt lat="46.438457" lon="13.802508"><ele>1518</ele></trkpt>
      <trkpt lat="46.438669" lon="13.802344"><ele>1530</ele></trkpt>
      <trkpt lat="46.43886" lon="13.802118"><ele>1540</ele></trkpt>
      <trkpt lat="46.439024" lon="13.802029"><ele>1550</ele></trkpt>
      <trkpt lat="46.439082" lon="13.802016"><ele>1554</ele></trkpt>
      <trkpt lat="46.439124" lon="13.801801"><ele>1555</ele></trkpt>
      <trkpt lat="46.439278" lon="13.801102"><ele>1564</ele></trkpt>
      <trkpt lat="46.439308" lon="13.800922"><ele>1566</ele></trkpt>
      <trkpt lat="46.43937" lon="13.80078"><ele>1570</ele></trkpt>
      <trkpt lat="46.439384" lon="13.800501"><ele>1568</ele></trkpt>
      <trkpt lat="46.439557" lon="13.800248"><ele>1578</ele></trkpt>
      <trkpt lat="46.439636" lon="13.799892"><ele>1579</ele></trkpt>
      <trkpt lat="46.439549" lon="13.799425"><ele>1563</ele></trkpt>
      <trkpt lat="46.439501" lon="13.798942"><ele>1555</ele></trkpt>
      <trkpt lat="46.439487" lon="13.797956"><ele>1559</ele></trkpt>
      <trkpt lat="46.439501" lon="13.798942"><ele>1555</ele></trkpt>
      <trkpt lat="46.439549" lon="13.799425"><ele>1563</ele></trkpt>
      <trkpt lat="46.439636" lon="13.799892"><ele>1579</ele></trkpt>
      <trkpt lat="46.439557" lon="13.800248"><ele>1578</ele></trkpt>
      <trkpt lat="46.439384" lon="13.800501"><ele>1568</ele></trkpt>
      <trkpt lat="46.43937" lon="13.80078"><ele>1570</ele></trkpt>
      <trkpt lat="46.439308" lon="13.800922"><ele>1566</ele></trkpt>
      <trkpt lat="46.439278" lon="13.801102"><ele>1564</ele></trkpt>
      <trkpt lat="46.439124" lon="13.801801"><ele>1555</ele></trkpt>
      <trkpt lat="46.439082" lon="13.802016"><ele>1554</ele></trkpt>
      <trkpt lat="46.439236" lon="13.801982"><ele>1564</ele></trkpt>
      <trkpt lat="46.439351" lon="13.801893"><ele>1571</ele></trkpt>
      <trkpt lat="46.43937" lon="13.801748"><ele>1573</ele></trkpt>
      <trkpt lat="46.439386" lon="13.801686"><ele>1574</ele></trkpt>
      <trkpt lat="46.439472" lon="13.801616"><ele>1581</ele></trkpt>
      <trkpt lat="46.439571" lon="13.801305"><ele>1588</ele></trkpt>
      <trkpt lat="46.43962" lon="13.80129"><ele>1591</ele></trkpt>
      <trkpt lat="46.439684" lon="13.801174"><ele>1596</ele></trkpt>
      <trkpt lat="46.439755" lon="13.801019"><ele>1601</ele></trkpt>
      <trkpt lat="46.439793" lon="13.800853"><ele>1604</ele></trkpt>
      <trkpt lat="46.439824" lon="13.800658"><ele>1604</ele></trkpt>
      <trkpt lat="46.43989" lon="13.800514"><ele>1608</ele></trkpt>
      <trkpt lat="46.439893" lon="13.800397"><ele>1606</ele></trkpt>
      <trkpt lat="46.439915" lon="13.800331"><ele>1606</ele></trkpt>
      <trkpt lat="46.440011" lon="13.800296"><ele>1613</ele></trkpt>
      <trkpt lat="46.440116" lon="13.800066"><ele>1617</ele></trkpt>
      <trkpt lat="46.440215" lon="13.800008"><ele>1623</ele></trkpt>
      <trkpt lat="46.440306" lon="13.799899"><ele>1629</ele></trkpt>
      <trkpt lat="46.440341" lon="13.79972"><ele>1629</ele></trkpt>
      <trkpt lat="46.440397" lon="13.79956"><ele>1631</ele></trkpt>
      <trkpt lat="46.440432" lon="13.799502"><ele>1632</ele></trkpt>
      <trkpt lat="46.44043" lon="13.799463"><ele>1631</ele></trkpt>
      <trkpt lat="46.440459" lon="13.799377"><ele>1633</ele></trkpt>
      <trkpt lat="46.440526" lon="13.799327"><ele>1638</ele></trkpt>
      <trkpt lat="46.440583" lon="13.799299"><ele>1643</ele></trkpt>
      <trkpt lat="46.440593" lon="13.799206"><ele>1644</ele></trkpt>
      <trkpt lat="46.440658" lon="13.798992"><ele>1654</ele></trkpt>
      <trkpt lat="46.440677" lon="13.79882"><ele>1658</ele></trkpt>
      <trkpt lat="46.440677" lon="13.798653"><ele>1656</ele></trkpt>
      <trkpt lat="46.440687" lon="13.798517"><ele>1653</ele></trkpt>
      <trkpt lat="46.440706" lon="13.798396"><ele>1649</ele></trkpt>
      <trkpt lat="46.440765" lon="13.798353"><ele>1651</ele></trkpt>
      <trkpt lat="46.440824" lon="13.798341"><ele>1653</ele></trkpt>
      <trkpt lat="46.440875" lon="13.798384"><ele>1659</ele></trkpt>
      <trkpt lat="46.440956" lon="13.798361"><ele>1662</ele></trkpt>
      <trkpt lat="46.441001" lon="13.798404"><ele>1667</ele></trkpt>
      <trkpt lat="46.44109" lon="13.798349"><ele>1668</ele></trkpt>
      <trkpt lat="46.441138" lon="13.798279"><ele>1668</ele></trkpt>
      <trkpt lat="46.441227" lon="13.798264"><ele>1669</ele></trkpt>
      <trkpt lat="46.441288" lon="13.798291"><ele>1671</ele></trkpt>
      <trkpt lat="46.441347" lon="13.798408"><ele>1680</ele></trkpt>
      <trkpt lat="46.441334" lon="13.798497"><ele>1685</ele></trkpt>
      <trkpt lat="46.441377" lon="13.798556"><ele>1690</ele></trkpt>
      <trkpt lat="46.441473" lon="13.798641"><ele>1697</ele></trkpt>
      <trkpt lat="46.44161" lon="13.798735"><ele>1704</ele></trkpt>
      <trkpt lat="46.441693" lon="13.798739"><ele>1707</ele></trkpt>
      <trkpt lat="46.441828" lon="13.798852"><ele>1720</ele></trkpt>
      <trkpt lat="46.441943" lon="13.798906"><ele>1728</ele></trkpt>
      <trkpt lat="46.442015" lon="13.798867"><ele>1733</ele></trkpt>
      <trkpt lat="46.442117" lon="13.798778"><ele>1739</ele></trkpt>
      <trkpt lat="46.442171" lon="13.798797"><ele>1744</ele></trkpt>
      <trkpt lat="46.442214" lon="13.798887"><ele>1749</ele></trkpt>
      <trkpt lat="46.442327" lon="13.798964"><ele>1752</ele></trkpt>
      <trkpt lat="46.442447" lon="13.799023"><ele>1754</ele></trkpt>
      <trkpt lat="46.442474" lon="13.79919"><ele>1762</ele></trkpt>
      <trkpt lat="46.442579" lon="13.799338"><ele>1766</ele></trkpt>
      <trkpt lat="46.442622" lon="13.799463"><ele>1771</ele></trkpt>
      <trkpt lat="46.442675" lon="13.799564"><ele>1773</ele></trkpt>
      <trkpt lat="46.442743" lon="13.799965"><ele>1781</ele></trkpt>
      <trkpt lat="46.442778" lon="13.800103"><ele>1779</ele></trkpt>
      <trkpt lat="46.442791" lon="13.800301"><ele>1779</ele></trkpt>
      <trkpt lat="46.442837" lon="13.800427"><ele>1777</ele></trkpt>
      <trkpt lat="46.442825" lon="13.800595"><ele>1779</ele></trkpt>
      <trkpt lat="46.442737" lon="13.800837"><ele>1786</ele></trkpt>
      <trkpt lat="46.442802" lon="13.800939"><ele>1786</ele></trkpt>
      <trkpt lat="46.442874" lon="13.800993"><ele>1785</ele></trkpt>
      <trkpt lat="46.442874" lon="13.801129"><ele>1789</ele></trkpt>
      <trkpt lat="46.442788" lon="13.801277"><ele>1792</ele></trkpt>
      <trkpt lat="46.442828" lon="13.801698"><ele>1801</ele></trkpt>
      <trkpt lat="46.44281" lon="13.801826"><ele>1806</ele></trkpt>
      <trkpt lat="46.44278" lon="13.801955"><ele>1811</ele></trkpt>
      <trkpt lat="46.442726" lon="13.802103"><ele>1820</ele></trkpt>
      <trkpt lat="46.442627" lon="13.802153"><ele>1824</ele></trkpt>
      <trkpt lat="46.442536" lon="13.802114"><ele>1826</ele></trkpt>
      <trkpt lat="46.442284" lon="13.802593"><ele>1851</ele></trkpt>
      <trkpt lat="46.442203" lon="13.802652"><ele>1857</ele></trkpt>
      <trkpt lat="46.442123" lon="13.802694"><ele>1863</ele></trkpt>
      <trkpt lat="46.441977" lon="13.802877"><ele>1877</ele></trkpt>
      <trkpt lat="46.441958" lon="13.802992"><ele>1880</ele></trkpt>
      <trkpt lat="46.441898" lon="13.803072"><ele>1886</ele></trkpt>
      <trkpt lat="46.441876" lon="13.803193"><ele>1893</ele></trkpt>
      <trkpt lat="46.441817" lon="13.80324"><ele>1898</ele></trkpt>
      <trkpt lat="46.441769" lon="13.80336"><ele>1903</ele></trkpt>
      <trkpt lat="46.441702" lon="13.803427"><ele>1907</ele></trkpt>
      <trkpt lat="46.441731" lon="13.803547"><ele>1910</ele></trkpt>
      <trkpt lat="46.441726" lon="13.80368"><ele>1916</ele></trkpt>
      <trkpt lat="46.441573" lon="13.803867"><ele>1927</ele></trkpt>
      <trkpt lat="46.44161" lon="13.804108"><ele>1935</ele></trkpt>
      <trkpt lat="46.441634" lon="13.804322"><ele>1947</ele></trkpt>
      <trkpt lat="46.441777" lon="13.804669"><ele>1969</ele></trkpt>
      <trkpt lat="46.441777" lon="13.804741"><ele>1973</ele></trkpt>
      <trkpt lat="46.441702" lon="13.80486"><ele>1978</ele></trkpt>
      <trkpt lat="46.441672" lon="13.804941"><ele>1981</ele></trkpt>
      <trkpt lat="46.441672" lon="13.805074"><ele>1988</ele></trkpt>
      <trkpt lat="46.441721" lon="13.805119"><ele>1992</ele></trkpt>
      <trkpt lat="46.441783" lon="13.805134"><ele>1995</ele></trkpt>
      <trkpt lat="46.441775" lon="13.805213"><ele>1999</ele></trkpt>
      <trkpt lat="46.441909" lon="13.805298"><ele>2007</ele></trkpt>
      <trkpt lat="46.441996" lon="13.805318"><ele>2011</ele></trkpt>
      <trkpt lat="46.442066" lon="13.805307"><ele>2013</ele></trkpt>
      <trkpt lat="46.442066" lon="13.805363"><ele>2016</ele></trkpt>
      <trkpt lat="46.442104" lon="13.805393"><ele>2018</ele></trkpt>
      <trkpt lat="46.442154" lon="13.805353"><ele>2018</ele></trkpt>
      <trkpt lat="46.442177" lon="13.805401"><ele>2021</ele></trkpt>
      <trkpt lat="46.442158" lon="13.805466"><ele>2024</ele></trkpt>
      <trkpt lat="46.442227" lon="13.805614"><ele>2034</ele></trkpt>
      <trkpt lat="46.442276" lon="13.805662"><ele>2038</ele></trkpt>
      <trkpt lat="46.442271" lon="13.805685"><ele>2039</ele></trkpt>
      <trkpt lat="46.442279" lon="13.805712"><ele>2040</ele></trkpt>
      <trkpt lat="46.442324" lon="13.805724"><ele>2042</ele></trkpt>
      <trkpt lat="46.442346" lon="13.805767"><ele>2044</ele></trkpt>
      <trkpt lat="46.442374" lon="13.805775"><ele>2045</ele></trkpt>
      <trkpt lat="46.442381" lon="13.805799"><ele>2047</ele></trkpt>
      <trkpt lat="46.442429" lon="13.805817"><ele>2049</ele></trkpt>
      <trkpt lat="46.442471" lon="13.805861"><ele>2052</ele></trkpt>
      <trkpt lat="46.442551" lon="13.805914"><ele>2054</ele></trkpt>
      <trkpt lat="46.442579" lon="13.805944"><ele>2055</ele></trkpt>
      <trkpt lat="46.442541" lon="13.805977"><ele>2057</ele></trkpt>
      <trkpt lat="46.442516" lon="13.806063"><ele>2062</ele></trkpt>
      <trkpt lat="46.442652" lon="13.806188"><ele>2066</ele></trkpt>
      <trkpt lat="46.442705" lon="13.806264"><ele>2069</ele></trkpt>
      <trkpt lat="46.442755" lon="13.806373"><ele>2074</ele></trkpt>
      <trkpt lat="46.442734" lon="13.80639"><ele>2075</ele></trkpt>
      <trkpt lat="46.442716" lon="13.806389"><ele>2075</ele></trkpt>
      <trkpt lat="46.442734" lon="13.806459"><ele>2078</ele></trkpt>
      <trkpt lat="46.442719" lon="13.806479"><ele>2079</ele></trkpt>
      <trkpt lat="46.44266" lon="13.806478"><ele>2079</ele></trkpt>
      <trkpt lat="46.442639" lon="13.806508"><ele>2081</ele></trkpt>
      <trkpt lat="46.442598" lon="13.806521"><ele>2082</ele></trkpt>
      <trkpt lat="46.44259" lon="13.806547"><ele>2084</ele></trkpt>
      <trkpt lat="46.442574" lon="13.806558"><ele>2084</ele></trkpt>
      <trkpt lat="46.442647" lon="13.806701"><ele>2090</ele></trkpt>
      <trkpt lat="46.442665" lon="13.806766"><ele>2093</ele></trkpt>
      <trkpt lat="46.442642" lon="13.806794"><ele>2094</ele></trkpt>
      <trkpt lat="46.442615" lon="13.806845"><ele>2097</ele></trkpt>
      <trkpt lat="46.442645" lon="13.806899"><ele>2099</ele></trkpt>
      <trkpt lat="46.442727" lon="13.806998"><ele>2102</ele></trkpt>
      <trkpt lat="46.442748" lon="13.807049"><ele>2104</ele></trkpt>
      <trkpt lat="46.442751" lon="13.807153"><ele>2109</ele></trkpt>
      <trkpt lat="46.442803" lon="13.807285"><ele>2115</ele></trkpt>
      <trkpt lat="46.442823" lon="13.807353"><ele>2117</ele></trkpt>
      <trkpt lat="46.442853" lon="13.807402"><ele>2120</ele></trkpt>
      <trkpt lat="46.442883" lon="13.807415"><ele>2120</ele></trkpt>
      <trkpt lat="46.442929" lon="13.807499"><ele>2124</ele></trkpt>
      <trkpt lat="46.442944" lon="13.807559"><ele>2127</ele></trkpt>
      <trkpt lat="46.442911" lon="13.807617"><ele>2129</ele></trkpt>
      <trkpt lat="46.44296" lon="13.807671"><ele>2132</ele></trkpt>
      <trkpt lat="46.44296" lon="13.80772"><ele>2134</ele></trkpt>
      <trkpt lat="46.442941" lon="13.80774"><ele>2134</ele></trkpt>
      <trkpt lat="46.443034" lon="13.807792"><ele>2138</ele></trkpt>
      <trkpt lat="46.443017" lon="13.807845"><ele>2140</ele></trkpt>
      <trkpt lat="46.443109" lon="13.807879"><ele>2144</ele></trkpt>
      <trkpt lat="46.443081" lon="13.807993"><ele>2147</ele></trkpt>
      <trkpt lat="46.443149" lon="13.808028"><ele>2151</ele></trkpt>
      <trkpt lat="46.443115" lon="13.808202"><ele>2157</ele></trkpt>
      <trkpt lat="46.443005" lon="13.808446"><ele>2164</ele></trkpt>
      <trkpt lat="46.442931" lon="13.808623"><ele>2170</ele></trkpt>
      <trkpt lat="46.442848" lon="13.808866"><ele>2178</ele></trkpt>
      <trkpt lat="46.442796" lon="13.808971"><ele>2180</ele></trkpt>
      <trkpt lat="46.44276" lon="13.809023"><ele>2180</ele></trkpt>
      <trkpt lat="46.442764" lon="13.809088"><ele>2181</ele></trkpt>
      <trkpt lat="46.442796" lon="13.809119"><ele>2183</ele></trkpt>
      <trkpt lat="46.442855" lon="13.809123"><ele>2184</ele></trkpt>
      <trkpt lat="46.442935" lon="13.809105"><ele>2186</ele></trkpt>
      <trkpt lat="46.443009" lon="13.809136"><ele>2189</ele></trkpt>
      <trkpt lat="46.443153" lon="13.809267"><ele>2196</ele></trkpt>
      <trkpt lat="46.443234" lon="13.80931"><ele>2202</ele></trkpt>
      <trkpt lat="46.443336" lon="13.80931"><ele>2207</ele></trkpt>
      <trkpt lat="46.443386" lon="13.809419"><ele>2215</ele></trkpt>
      <trkpt lat="46.443539" lon="13.809571"><ele>2230</ele></trkpt>
      <trkpt lat="46.44358" lon="13.809668"><ele>2235</ele></trkpt>
      <trkpt lat="46.443649" lon="13.809754"><ele>2243</ele></trkpt>
      <trkpt lat="46.443676" lon="13.809929"><ele>2249</ele></trkpt>
      <trkpt lat="46.443706" lon="13.809949"><ele>2252</ele></trkpt>
      <trkpt lat="46.44377" lon="13.809925"><ele>2257</ele></trkpt>
      <trkpt lat="46.443835" lon="13.809832"><ele>2259</ele></trkpt>
      <trkpt lat="46.44392" lon="13.809828"><ele>2265</ele></trkpt>
      <trkpt lat="46.443987" lon="13.809953"><ele>2273</ele></trkpt>
      <trkpt lat="46.444025" lon="13.810061"><ele>2278</ele></trkpt>
      <trkpt lat="46.444097" lon="13.810008"><ele>2282</ele></trkpt>
      <trkpt lat="46.444129" lon="13.810147"><ele>2288</ele></trkpt>
      <trkpt lat="46.444189" lon="13.810084"><ele>2287</ele></trkpt>
      <trkpt lat="46.444216" lon="13.810139"><ele>2288</ele></trkpt>
      <trkpt lat="46.444213" lon="13.810242"><ele>2291</ele></trkpt>
      <trkpt lat="46.444225" lon="13.810352"><ele>2295</ele></trkpt>
      <trkpt lat="46.4442" lon="13.810533"><ele>2301</ele></trkpt>
      <trkpt lat="46.444211" lon="13.810726"><ele>2308</ele></trkpt>
      <trkpt lat="46.444271" lon="13.810724"><ele>2309</ele></trkpt>
      <trkpt lat="46.444274" lon="13.810858"><ele>2314</ele></trkpt>
      <trkpt lat="46.444291" lon="13.810899"><ele>2316</ele></trkpt>
      <trkpt lat="46.444355" lon="13.810893"><ele>2319</ele></trkpt>
      <trkpt lat="46.444361" lon="13.810973"><ele>2322</ele></trkpt>
      <trkpt lat="46.444403" lon="13.810975"><ele>2324</ele></trkpt>
      <trkpt lat="46.444462" lon="13.811128"><ele>2333</ele></trkpt>
      <trkpt lat="46.444599" lon="13.811121"><ele>2341</ele></trkpt>
      <trkpt lat="46.444779" lon="13.811051"><ele>2350</ele></trkpt>
      <trkpt lat="46.445045" lon="13.811051"><ele>2360</ele></trkpt>
      <trkpt lat="46.44513" lon="13.81109"><ele>2359</ele></trkpt>
      <trkpt lat="46.445281" lon="13.811054"><ele>2355</ele></trkpt>
      <trkpt lat="46.445367" lon="13.811187"><ele>2349</ele></trkpt>
      <trkpt lat="46.445474" lon="13.811319"><ele>2349</ele></trkpt>
      <trkpt lat="46.445549" lon="13.811494"><ele>2358</ele></trkpt>
      <trkpt lat="46.445584" lon="13.811549"><ele>2360</ele></trkpt>
      <trkpt lat="46.445654" lon="13.811537"><ele>2359</ele></trkpt>
      <trkpt lat="46.445672" lon="13.811654"><ele>2363</ele></trkpt>
      <trkpt lat="46.445734" lon="13.811919"><ele>2375</ele></trkpt>
      <trkpt lat="46.445814" lon="13.811958"><ele>2379</ele></trkpt>
      <trkpt lat="46.445941" lon="13.812172"><ele>2391</ele></trkpt>
      <trkpt lat="46.446027" lon="13.812219"><ele>2397</ele></trkpt>
      <trkpt lat="46.446118" lon="13.812129"><ele>2399</ele></trkpt>
      <trkpt lat="46.446206" lon="13.81223"><ele>2407</ele></trkpt>
      <trkpt lat="46.446277" lon="13.812325"><ele>2409</ele></trkpt>
      <trkpt lat="46.446351" lon="13.81224"><ele>2414</ele></trkpt>
      <trkpt lat="46.446482" lon="13.812233"><ele>2414</ele></trkpt>
      <trkpt lat="46.446351" lon="13.81224"><ele>2414</ele></trkpt>
      <trkpt lat="46.446277" lon="13.812325"><ele>2409</ele></trkpt>
      <trkpt lat="46.446206" lon="13.81223"><ele>2407</ele></trkpt>
      <trkpt lat="46.446118" lon="13.812129"><ele>2399</ele></trkpt>
      <trkpt lat="46.446027" lon="13.812219"><ele>2397</ele></trkpt>
      <trkpt lat="46.445941" lon="13.812172"><ele>2391</ele></trkpt>
      <trkpt lat="46.445814" lon="13.811958"><ele>2379</ele></trkpt>
      <trkpt lat="46.445734" lon="13.811919"><ele>2375</ele></trkpt>
      <trkpt lat="46.445672" lon="13.811654"><ele>2363</ele></trkpt>
      <trkpt lat="46.445654" lon="13.811537"><ele>2359</ele></trkpt>
      <trkpt lat="46.445584" lon="13.811549"><ele>2360</ele></trkpt>
      <trkpt lat="46.445549" lon="13.811494"><ele>2358</ele></trkpt>
      <trkpt lat="46.445474" lon="13.811319"><ele>2349</ele></trkpt>
      <trkpt lat="46.445367" lon="13.811187"><ele>2349</ele></trkpt>
      <trkpt lat="46.445281" lon="13.811054"><ele>2355</ele></trkpt>
      <trkpt lat="46.44513" lon="13.81109"><ele>2359</ele></trkpt>
      <trkpt lat="46.445045" lon="13.811051"><ele>2360</ele></trkpt>
      <trkpt lat="46.444779" lon="13.811051"><ele>2350</ele></trkpt>
      <trkpt lat="46.444599" lon="13.811121"><ele>2341</ele></trkpt>
      <trkpt lat="46.444462" lon="13.811128"><ele>2333</ele></trkpt>
      <trkpt lat="46.444403" lon="13.810975"><ele>2324</ele></trkpt>
      <trkpt lat="46.444361" lon="13.810973"><ele>2322</ele></trkpt>
      <trkpt lat="46.444355" lon="13.810893"><ele>2319</ele></trkpt>
      <trkpt lat="46.444291" lon="13.810899"><ele>2316</ele></trkpt>
      <trkpt lat="46.444274" lon="13.810858"><ele>2314</ele></trkpt>
      <trkpt lat="46.444271" lon="13.810724"><ele>2309</ele></trkpt>
      <trkpt lat="46.444211" lon="13.810726"><ele>2308</ele></trkpt>
      <trkpt lat="46.4442" lon="13.810533"><ele>2301</ele></trkpt>
      <trkpt lat="46.444225" lon="13.810352"><ele>2295</ele></trkpt>
      <trkpt lat="46.444213" lon="13.810242"><ele>2291</ele></trkpt>
      <trkpt lat="46.444216" lon="13.810139"><ele>2288</ele></trkpt>
      <trkpt lat="46.444189" lon="13.810084"><ele>2287</ele></trkpt>
      <trkpt lat="46.444129" lon="13.810147"><ele>2288</ele></trkpt>
      <trkpt lat="46.444097" lon="13.810008"><ele>2282</ele></trkpt>
      <trkpt lat="46.444025" lon="13.810061"><ele>2278</ele></trkpt>
      <trkpt lat="46.443987" lon="13.809953"><ele>2273</ele></trkpt>
      <trkpt lat="46.44392" lon="13.809828"><ele>2265</ele></trkpt>
      <trkpt lat="46.443835" lon="13.809832"><ele>2259</ele></trkpt>
      <trkpt lat="46.44377" lon="13.809925"><ele>2257</ele></trkpt>
      <trkpt lat="46.443706" lon="13.809949"><ele>2252</ele></trkpt>
      <trkpt lat="46.443676" lon="13.809929"><ele>2249</ele></trkpt>
      <trkpt lat="46.443649" lon="13.809754"><ele>2243</ele></trkpt>
      <trkpt lat="46.44358" lon="13.809668"><ele>2235</ele></trkpt>
      <trkpt lat="46.443539" lon="13.809571"><ele>2230</ele></trkpt>
      <trkpt lat="46.443386" lon="13.809419"><ele>2215</ele></trkpt>
      <trkpt lat="46.443336" lon="13.80931"><ele>2207</ele></trkpt>
      <trkpt lat="46.443234" lon="13.80931"><ele>2202</ele></trkpt>
      <trkpt lat="46.443153" lon="13.809267"><ele>2196</ele></trkpt>
      <trkpt lat="46.443009" lon="13.809136"><ele>2189</ele></trkpt>
      <trkpt lat="46.442935" lon="13.809105"><ele>2186</ele></trkpt>
      <trkpt lat="46.442855" lon="13.809123"><ele>2184</ele></trkpt>
      <trkpt lat="46.442796" lon="13.809119"><ele>2183</ele></trkpt>
      <trkpt lat="46.442764" lon="13.809088"><ele>2181</ele></trkpt>
      <trkpt lat="46.44276" lon="13.809023"><ele>2180</ele></trkpt>
      <trkpt lat="46.442796" lon="13.808971"><ele>2180</ele></trkpt>
      <trkpt lat="46.442848" lon="13.808866"><ele>2178</ele></trkpt>
      <trkpt lat="46.442931" lon="13.808623"><ele>2170</ele></trkpt>
      <trkpt lat="46.443005" lon="13.808446"><ele>2164</ele></trkpt>
      <trkpt lat="46.443115" lon="13.808202"><ele>2157</ele></trkpt>
      <trkpt lat="46.443149" lon="13.808028"><ele>2151</ele></trkpt>
      <trkpt lat="46.443081" lon="13.807993"><ele>2147</ele></trkpt>
      <trkpt lat="46.443109" lon="13.807879"><ele>2144</ele></trkpt>
      <trkpt lat="46.443017" lon="13.807845"><ele>2140</ele></trkpt>
      <trkpt lat="46.443034" lon="13.807792"><ele>2138</ele></trkpt>
      <trkpt lat="46.442941" lon="13.80774"><ele>2134</ele></trkpt>
      <trkpt lat="46.44296" lon="13.80772"><ele>2134</ele></trkpt>
      <trkpt lat="46.44296" lon="13.807671"><ele>2132</ele></trkpt>
      <trkpt lat="46.442911" lon="13.807617"><ele>2129</ele></trkpt>
      <trkpt lat="46.442944" lon="13.807559"><ele>2127</ele></trkpt>
      <trkpt lat="46.442929" lon="13.807499"><ele>2124</ele></trkpt>
      <trkpt lat="46.442883" lon="13.807415"><ele>2120</ele></trkpt>
      <trkpt lat="46.442853" lon="13.807402"><ele>2120</ele></trkpt>
      <trkpt lat="46.442823" lon="13.807353"><ele>2117</ele></trkpt>
      <trkpt lat="46.442803" lon="13.807285"><ele>2115</ele></trkpt>
      <trkpt lat="46.442751" lon="13.807153"><ele>2109</ele></trkpt>
      <trkpt lat="46.442748" lon="13.807049"><ele>2104</ele></trkpt>
      <trkpt lat="46.442727" lon="13.806998"><ele>2102</ele></trkpt>
      <trkpt lat="46.442645" lon="13.806899"><ele>2099</ele></trkpt>
      <trkpt lat="46.442615" lon="13.806845"><ele>2097</ele></trkpt>
      <trkpt lat="46.442642" lon="13.806794"><ele>2094</ele></trkpt>
      <trkpt lat="46.442665" lon="13.806766"><ele>2093</ele></trkpt>
      <trkpt lat="46.442647" lon="13.806701"><ele>2090</ele></trkpt>
      <trkpt lat="46.442574" lon="13.806558"><ele>2084</ele></trkpt>
      <trkpt lat="46.44259" lon="13.806547"><ele>2084</ele></trkpt>
      <trkpt lat="46.442598" lon="13.806521"><ele>2082</ele></trkpt>
      <trkpt lat="46.442639" lon="13.806508"><ele>2081</ele></trkpt>
      <trkpt lat="46.44266" lon="13.806478"><ele>2079</ele></trkpt>
      <trkpt lat="46.442719" lon="13.806479"><ele>2079</ele></trkpt>
      <trkpt lat="46.442734" lon="13.806459"><ele>2078</ele></trkpt>
      <trkpt lat="46.442716" lon="13.806389"><ele>2075</ele></trkpt>
      <trkpt lat="46.442734" lon="13.80639"><ele>2075</ele></trkpt>
      <trkpt lat="46.442755" lon="13.806373"><ele>2074</ele></trkpt>
      <trkpt lat="46.442705" lon="13.806264"><ele>2069</ele></trkpt>
      <trkpt lat="46.442652" lon="13.806188"><ele>2066</ele></trkpt>
      <trkpt lat="46.442516" lon="13.806063"><ele>2062</ele></trkpt>
      <trkpt lat="46.442541" lon="13.805977"><ele>2057</ele></trkpt>
      <trkpt lat="46.442579" lon="13.805944"><ele>2055</ele></trkpt>
      <trkpt lat="46.442551" lon="13.805914"><ele>2054</ele></trkpt>
      <trkpt lat="46.442471" lon="13.805861"><ele>2052</ele></trkpt>
      <trkpt lat="46.442429" lon="13.805817"><ele>2049</ele></trkpt>
      <trkpt lat="46.442381" lon="13.805799"><ele>2047</ele></trkpt>
      <trkpt lat="46.442374" lon="13.805775"><ele>2045</ele></trkpt>
      <trkpt lat="46.442346" lon="13.805767"><ele>2044</ele></trkpt>
      <trkpt lat="46.442324" lon="13.805724"><ele>2042</ele></trkpt>
      <trkpt lat="46.442279" lon="13.805712"><ele>2040</ele></trkpt>
      <trkpt lat="46.442271" lon="13.805685"><ele>2039</ele></trkpt>
      <trkpt lat="46.442276" lon="13.805662"><ele>2038</ele></trkpt>
      <trkpt lat="46.442227" lon="13.805614"><ele>2034</ele></trkpt>
      <trkpt lat="46.442158" lon="13.805466"><ele>2024</ele></trkpt>
      <trkpt lat="46.442177" lon="13.805401"><ele>2021</ele></trkpt>
      <trkpt lat="46.442154" lon="13.805353"><ele>2018</ele></trkpt>
      <trkpt lat="46.442104" lon="13.805393"><ele>2018</ele></trkpt>
      <trkpt lat="46.442066" lon="13.805363"><ele>2016</ele></trkpt>
      <trkpt lat="46.442066" lon="13.805307"><ele>2013</ele></trkpt>
      <trkpt lat="46.441996" lon="13.805318"><ele>2011</ele></trkpt>
      <trkpt lat="46.441909" lon="13.805298"><ele>2007</ele></trkpt>
      <trkpt lat="46.441775" lon="13.805213"><ele>1999</ele></trkpt>
      <trkpt lat="46.441783" lon="13.805134"><ele>1995</ele></trkpt>
      <trkpt lat="46.441721" lon="13.805119"><ele>1992</ele></trkpt>
      <trkpt lat="46.441672" lon="13.805074"><ele>1988</ele></trkpt>
      <trkpt lat="46.441672" lon="13.804941"><ele>1981</ele></trkpt>
      <trkpt lat="46.441702" lon="13.80486"><ele>1978</ele></trkpt>
      <trkpt lat="46.441777" lon="13.804741"><ele>1973</ele></trkpt>
      <trkpt lat="46.441777" lon="13.804669"><ele>1969</ele></trkpt>
      <trkpt lat="46.441634" lon="13.804322"><ele>1947</ele></trkpt>
      <trkpt lat="46.44161" lon="13.804108"><ele>1935</ele></trkpt>
      <trkpt lat="46.441573" lon="13.803867"><ele>1927</ele></trkpt>
      <trkpt lat="46.441726" lon="13.80368"><ele>1916</ele></trkpt>
      <trkpt lat="46.441731" lon="13.803547"><ele>1910</ele></trkpt>
      <trkpt lat="46.441702" lon="13.803427"><ele>1907</ele></trkpt>
      <trkpt lat="46.441769" lon="13.80336"><ele>1903</ele></trkpt>
      <trkpt lat="46.441817" lon="13.80324"><ele>1898</ele></trkpt>
      <trkpt lat="46.441876" lon="13.803193"><ele>1893</ele></trkpt>
      <trkpt lat="46.441898" lon="13.803072"><ele>1886</ele></trkpt>
      <trkpt lat="46.441958" lon="13.802992"><ele>1880</ele></trkpt>
      <trkpt lat="46.441977" lon="13.802877"><ele>1877</ele></trkpt>
      <trkpt lat="46.442123" lon="13.802694"><ele>1863</ele></trkpt>
      <trkpt lat="46.442203" lon="13.802652"><ele>1857</ele></trkpt>
      <trkpt lat="46.442284" lon="13.802593"><ele>1851</ele></trkpt>
      <trkpt lat="46.442536" lon="13.802114"><ele>1826</ele></trkpt>
      <trkpt lat="46.442627" lon="13.802153"><ele>1824</ele></trkpt>
      <trkpt lat="46.442726" lon="13.802103"><ele>1820</ele></trkpt>
      <trkpt lat="46.44278" lon="13.801955"><ele>1811</ele></trkpt>
      <trkpt lat="46.44281" lon="13.801826"><ele>1806</ele></trkpt>
      <trkpt lat="46.442828" lon="13.801698"><ele>1801</ele></trkpt>
      <trkpt lat="46.442788" lon="13.801277"><ele>1792</ele></trkpt>
      <trkpt lat="46.442874" lon="13.801129"><ele>1789</ele></trkpt>
      <trkpt lat="46.442874" lon="13.800993"><ele>1785</ele></trkpt>
      <trkpt lat="46.442802" lon="13.800939"><ele>1786</ele></trkpt>
      <trkpt lat="46.442737" lon="13.800837"><ele>1786</ele></trkpt>
      <trkpt lat="46.442825" lon="13.800595"><ele>1779</ele></trkpt>
      <trkpt lat="46.442837" lon="13.800427"><ele>1777</ele></trkpt>
      <trkpt lat="46.442791" lon="13.800301"><ele>1779</ele></trkpt>
      <trkpt lat="46.442778" lon="13.800103"><ele>1779</ele></trkpt>
      <trkpt lat="46.442743" lon="13.799965"><ele>1781</ele></trkpt>
      <trkpt lat="46.442675" lon="13.799564"><ele>1773</ele></trkpt>
      <trkpt lat="46.442622" lon="13.799463"><ele>1771</ele></trkpt>
      <trkpt lat="46.442579" lon="13.799338"><ele>1766</ele></trkpt>
      <trkpt lat="46.442474" lon="13.79919"><ele>1762</ele></trkpt>
      <trkpt lat="46.442447" lon="13.799023"><ele>1754</ele></trkpt>
      <trkpt lat="46.442327" lon="13.798964"><ele>1752</ele></trkpt>
      <trkpt lat="46.442214" lon="13.798887"><ele>1749</ele></trkpt>
      <trkpt lat="46.442171" lon="13.798797"><ele>1744</ele></trkpt>
      <trkpt lat="46.442117" lon="13.798778"><ele>1739</ele></trkpt>
      <trkpt lat="46.442015" lon="13.798867"><ele>1733</ele></trkpt>
      <trkpt lat="46.441943" lon="13.798906"><ele>1728</ele></trkpt>
      <trkpt lat="46.441828" lon="13.798852"><ele>1720</ele></trkpt>
      <trkpt lat="46.441693" lon="13.798739"><ele>1707</ele></trkpt>
      <trkpt lat="46.44161" lon="13.798735"><ele>1704</ele></trkpt>
      <trkpt lat="46.441473" lon="13.798641"><ele>1697</ele></trkpt>
      <trkpt lat="46.441377" lon="13.798556"><ele>1690</ele></trkpt>
      <trkpt lat="46.441334" lon="13.798497"><ele>1685</ele></trkpt>
      <trkpt lat="46.441347" lon="13.798408"><ele>1680</ele></trkpt>
      <trkpt lat="46.441288" lon="13.798291"><ele>1671</ele></trkpt>
      <trkpt lat="46.441227" lon="13.798264"><ele>1669</ele></trkpt>
      <trkpt lat="46.441138" lon="13.798279"><ele>1668</ele></trkpt>
      <trkpt lat="46.44109" lon="13.798349"><ele>1668</ele></trkpt>
      <trkpt lat="46.441001" lon="13.798404"><ele>1667</ele></trkpt>
      <trkpt lat="46.440956" lon="13.798361"><ele>1662</ele></trkpt>
      <trkpt lat="46.440875" lon="13.798384"><ele>1659</ele></trkpt>
      <trkpt lat="46.440824" lon="13.798341"><ele>1653</ele></trkpt>
      <trkpt lat="46.440765" lon="13.798353"><ele>1651</ele></trkpt>
      <trkpt lat="46.440706" lon="13.798396"><ele>1649</ele></trkpt>
      <trkpt lat="46.440687" lon="13.798517"><ele>1653</ele></trkpt>
      <trkpt lat="46.440677" lon="13.798653"><ele>1656</ele></trkpt>
      <trkpt lat="46.440677" lon="13.79882"><ele>1658</ele></trkpt>
      <trkpt lat="46.440658" lon="13.798992"><ele>1654</ele></trkpt>
      <trkpt lat="46.440593" lon="13.799206"><ele>1644</ele></trkpt>
      <trkpt lat="46.440583" lon="13.799299"><ele>1643</ele></trkpt>
      <trkpt lat="46.440526" lon="13.799327"><ele>1638</ele></trkpt>
      <trkpt lat="46.440459" lon="13.799377"><ele>1633</ele></trkpt>
      <trkpt lat="46.44043" lon="13.799463"><ele>1631</ele></trkpt>
      <trkpt lat="46.440432" lon="13.799502"><ele>1632</ele></trkpt>
      <trkpt lat="46.440397" lon="13.79956"><ele>1631</ele></trkpt>
      <trkpt lat="46.440341" lon="13.79972"><ele>1629</ele></trkpt>
      <trkpt lat="46.440306" lon="13.799899"><ele>1629</ele></trkpt>
      <trkpt lat="46.440215" lon="13.800008"><ele>1623</ele></trkpt>
      <trkpt lat="46.440116" lon="13.800066"><ele>1617</ele></trkpt>
      <trkpt lat="46.440011" lon="13.800296"><ele>1613</ele></trkpt>
      <trkpt lat="46.439915" lon="13.800331"><ele>1606</ele></trkpt>
      <trkpt lat="46.439893" lon="13.800397"><ele>1606</ele></trkpt>
      <trkpt lat="46.43989" lon="13.800514"><ele>1608</ele></trkpt>
      <trkpt lat="46.439824" lon="13.800658"><ele>1604</ele></trkpt>
      <trkpt lat="46.439793" lon="13.800853"><ele>1604</ele></trkpt>
      <trkpt lat="46.439755" lon="13.801019"><ele>1601</ele></trkpt>
      <trkpt lat="46.439684" lon="13.801174"><ele>1596</ele></trkpt>
      <trkpt lat="46.43962" lon="13.80129"><ele>1591</ele></trkpt>
      <trkpt lat="46.439571" lon="13.801305"><ele>1588</ele></trkpt>
      <trkpt lat="46.439472" lon="13.801616"><ele>1581</ele></trkpt>
      <trkpt lat="46.439386" lon="13.801686"><ele>1574</ele></trkpt>
      <trkpt lat="46.43937" lon="13.801748"><ele>1573</ele></trkpt>
      <trkpt lat="46.439351" lon="13.801893"><ele>1571</ele></trkpt>
      <trkpt lat="46.439236" lon="13.801982"><ele>1564</ele></trkpt>
      <trkpt lat="46.439082" lon="13.802016"><ele>1554</ele></trkpt>
      <trkpt lat="46.439124" lon="13.801801"><ele>1555</ele></trkpt>
      <trkpt lat="46.439278" lon="13.801102"><ele>1564</ele></trkpt>
      <trkpt lat="46.439308" lon="13.800922"><ele>1566</ele></trkpt>
      <trkpt lat="46.43937" lon="13.80078"><ele>1570</ele></trkpt>
      <trkpt lat="46.439384" lon="13.800501"><ele>1568</ele></trkpt>
      <trkpt lat="46.439557" lon="13.800248"><ele>1578</ele></trkpt>
      <trkpt lat="46.439636" lon="13.799892"><ele>1579</ele></trkpt>
      <trkpt lat="46.439549" lon="13.799425"><ele>1563</ele></trkpt>
      <trkpt lat="46.439501" lon="13.798942"><ele>1555</ele></trkpt>
      <trkpt lat="46.439487" lon="13.797925"><ele>1559</ele></trkpt>
      <trkpt lat="46.439777" lon="13.797681"><ele>1559</ele></trkpt>
      <trkpt lat="46.440099" lon="13.797551"><ele>1572</ele></trkpt>
      <trkpt lat="46.440311" lon="13.797248"><ele>1572</ele></trkpt>
      <trkpt lat="46.44056" lon="13.796979"><ele>1558</ele></trkpt>
      <trkpt lat="46.440638" lon="13.796462"><ele>1527</ele></trkpt>
      <trkpt lat="46.440757" lon="13.796011"><ele>1506</ele></trkpt>
      <trkpt lat="46.441144" lon="13.795712"><ele>1492</ele></trkpt>
      <trkpt lat="46.441595" lon="13.795412"><ele>1495</ele></trkpt>
      <trkpt lat="46.44206" lon="13.795089"><ele>1495</ele></trkpt>
      <trkpt lat="46.442373" lon="13.795362"><ele>1505</ele></trkpt>
      <trkpt lat="46.443407" lon="13.796162"><ele>1513</ele></trkpt>
      <trkpt lat="46.44405" lon="13.796999"><ele>1532</ele></trkpt>
      <trkpt lat="46.444298" lon="13.796672"><ele>1541</ele></trkpt>
      <trkpt lat="46.444474" lon="13.796345"><ele>1544</ele></trkpt>
      <trkpt lat="46.444343" lon="13.795873"><ele>1519</ele></trkpt>
      <trkpt lat="46.444363" lon="13.795373"><ele>1527</ele></trkpt>
      <trkpt lat="46.444689" lon="13.795349"><ele>1531</ele></trkpt>
      <trkpt lat="46.445121" lon="13.796051"><ele>1589</ele></trkpt>
      <trkpt lat="46.445409" lon="13.796273"><ele>1611</ele></trkpt>
      <trkpt lat="46.445788" lon="13.796361"><ele>1636</ele></trkpt>
      <trkpt lat="46.446095" lon="13.795979"><ele>1615</ele></trkpt>
      <trkpt lat="46.446489" lon="13.796039"><ele>1609</ele></trkpt>
      <trkpt lat="46.446861" lon="13.796072"><ele>1615</ele></trkpt>
      <trkpt lat="46.447168" lon="13.795829"><ele>1599</ele></trkpt>
      <trkpt lat="46.447527" lon="13.795866"><ele>1548</ele></trkpt>
      <trkpt lat="46.447658" lon="13.796196"><ele>1558</ele></trkpt>
      <trkpt lat="46.447848" lon="13.796755"><ele>1593</ele></trkpt>
      <trkpt lat="46.448131" lon="13.797143"><ele>1593</ele></trkpt>
      <trkpt lat="46.448355" lon="13.797477"><ele>1596</ele></trkpt>
      <trkpt lat="46.448449" lon="13.797505"><ele>1598</ele></trkpt>
      <trkpt lat="46.448461" lon="13.797529"><ele>1599</ele></trkpt>
      <trkpt lat="46.448494" lon="13.79755"><ele>1600</ele></trkpt>
      <trkpt lat="46.448509" lon="13.797586"><ele>1602</ele></trkpt>
      <trkpt lat="46.448508" lon="13.797646"><ele>1605</ele></trkpt>
      <trkpt lat="46.448495" lon="13.79767"><ele>1606</ele></trkpt>
      <trkpt lat="46.448496" lon="13.79771"><ele>1608</ele></trkpt>
      <trkpt lat="46.448508" lon="13.797732"><ele>1609</ele></trkpt>
      <trkpt lat="46.448535" lon="13.797743"><ele>1610</ele></trkpt>
      <trkpt lat="46.44856" lon="13.797781"><ele>1611</ele></trkpt>
      <trkpt lat="46.448578" lon="13.797849"><ele>1614</ele></trkpt>
      <trkpt lat="46.448603" lon="13.797893"><ele>1615</ele></trkpt>
      <trkpt lat="46.448635" lon="13.797922"><ele>1615</ele></trkpt>
      <trkpt lat="46.448663" lon="13.797964"><ele>1616</ele></trkpt>
      <trkpt lat="46.448672" lon="13.798024"><ele>1619</ele></trkpt>
      <trkpt lat="46.44866" lon="13.798084"><ele>1621</ele></trkpt>
      <trkpt lat="46.448602" lon="13.798163"><ele>1624</ele></trkpt>
      <trkpt lat="46.448564" lon="13.798249"><ele>1628</ele></trkpt>
      <trkpt lat="46.44859" lon="13.798291"><ele>1629</ele></trkpt>
      <trkpt lat="46.448572" lon="13.798317"><ele>1630</ele></trkpt>
      <trkpt lat="46.448534" lon="13.798328"><ele>1632</ele></trkpt>
      <trkpt lat="46.448501" lon="13.79832"><ele>1634</ele></trkpt>
      <trkpt lat="46.448478" lon="13.798333"><ele>1635</ele></trkpt>
      <trkpt lat="46.448459" lon="13.798464"><ele>1640</ele></trkpt>
      <trkpt lat="46.44843" lon="13.798587"><ele>1645</ele></trkpt>
      <trkpt lat="46.448386" lon="13.798664"><ele>1649</ele></trkpt>
      <trkpt lat="46.448349" lon="13.798757"><ele>1653</ele></trkpt>
      <trkpt lat="46.448314" lon="13.798884"><ele>1658</ele></trkpt>
      <trkpt lat="46.448316" lon="13.798923"><ele>1660</ele></trkpt>
      <trkpt lat="46.448339" lon="13.79892"><ele>1659</ele></trkpt>
      <trkpt lat="46.448344" lon="13.79894"><ele>1660</ele></trkpt>
      <trkpt lat="46.448314" lon="13.798961"><ele>1661</ele></trkpt>
      <trkpt lat="46.448293" lon="13.799004"><ele>1663</ele></trkpt>
      <trkpt lat="46.448284" lon="13.799096"><ele>1667</ele></trkpt>
      <trkpt lat="46.448288" lon="13.799214"><ele>1672</ele></trkpt>
      <trkpt lat="46.448266" lon="13.799316"><ele>1675</ele></trkpt>
      <trkpt lat="46.448266" lon="13.799393"><ele>1677</ele></trkpt>
      <trkpt lat="46.448257" lon="13.79944"><ele>1679</ele></trkpt>
      <trkpt lat="46.448262" lon="13.79951"><ele>1681</ele></trkpt>
      <trkpt lat="46.448284" lon="13.799612"><ele>1683</ele></trkpt>
      <trkpt lat="46.448353" lon="13.799757"><ele>1688</ele></trkpt>
      <trkpt lat="46.448398" lon="13.799771"><ele>1689</ele></trkpt>
      <trkpt lat="46.448431" lon="13.799788"><ele>1690</ele></trkpt>
      <trkpt lat="46.448464" lon="13.799837"><ele>1693</ele></trkpt>
      <trkpt lat="46.448464" lon="13.799872"><ele>1695</ele></trkpt>
      <trkpt lat="46.44847" lon="13.799888"><ele>1695</ele></trkpt>
      <trkpt lat="46.448512" lon="13.799916"><ele>1696</ele></trkpt>
      <trkpt lat="46.448619" lon="13.799951"><ele>1695</ele></trkpt>
      <trkpt lat="46.448686" lon="13.800055"><ele>1697</ele></trkpt>
      <trkpt lat="46.448694" lon="13.800116"><ele>1699</ele></trkpt>
      <trkpt lat="46.448698" lon="13.800209"><ele>1703</ele></trkpt>
      <trkpt lat="46.448694" lon="13.800262"><ele>1705</ele></trkpt>
      <trkpt lat="46.448672" lon="13.800292"><ele>1706</ele></trkpt>
      <trkpt lat="46.448658" lon="13.800344"><ele>1708</ele></trkpt>
      <trkpt lat="46.448638" lon="13.800358"><ele>1709</ele></trkpt>
      <trkpt lat="46.448572" lon="13.800366"><ele>1713</ele></trkpt>
      <trkpt lat="46.448523" lon="13.800483"><ele>1719</ele></trkpt>
      <trkpt lat="46.448498" lon="13.800519"><ele>1722</ele></trkpt>
      <trkpt lat="46.448418" lon="13.800591"><ele>1727</ele></trkpt>
      <trkpt lat="46.448392" lon="13.800628"><ele>1729</ele></trkpt>
      <trkpt lat="46.44834" lon="13.800645"><ele>1731</ele></trkpt>
      <trkpt lat="46.448318" lon="13.800739"><ele>1733</ele></trkpt>
      <trkpt lat="46.448294" lon="13.800731"><ele>1734</ele></trkpt>
      <trkpt lat="46.448225" lon="13.800762"><ele>1739</ele></trkpt>
      <trkpt lat="46.448212" lon="13.800807"><ele>1740</ele></trkpt>
      <trkpt lat="46.448134" lon="13.8009"><ele>1747</ele></trkpt>
      <trkpt lat="46.448103" lon="13.800956"><ele>1750</ele></trkpt>
      <trkpt lat="46.448058" lon="13.800992"><ele>1753</ele></trkpt>
      <trkpt lat="46.447915" lon="13.801155"><ele>1764</ele></trkpt>
      <trkpt lat="46.447874" lon="13.801158"><ele>1767</ele></trkpt>
      <trkpt lat="46.447862" lon="13.801222"><ele>1769</ele></trkpt>
      <trkpt lat="46.447848" lon="13.801233"><ele>1770</ele></trkpt>
      <trkpt lat="46.447818" lon="13.801219"><ele>1771</ele></trkpt>
      <trkpt lat="46.447792" lon="13.801272"><ele>1773</ele></trkpt>
      <trkpt lat="46.447719" lon="13.801328"><ele>1778</ele></trkpt>
      <trkpt lat="46.447646" lon="13.801349"><ele>1782</ele></trkpt>
      <trkpt lat="46.447629" lon="13.801397"><ele>1785</ele></trkpt>
      <trkpt lat="46.447597" lon="13.801391"><ele>1786</ele></trkpt>
      <trkpt lat="46.447534" lon="13.801336"><ele>1787</ele></trkpt>
      <trkpt lat="46.447504" lon="13.801323"><ele>1788</ele></trkpt>
      <trkpt lat="46.447445" lon="13.801345"><ele>1792</ele></trkpt>
      <trkpt lat="46.447417" lon="13.80143"><ele>1796</ele></trkpt>
      <trkpt lat="46.447397" lon="13.801529"><ele>1802</ele></trkpt>
      <trkpt lat="46.447396" lon="13.801619"><ele>1806</ele></trkpt>
      <trkpt lat="46.447354" lon="13.801649"><ele>1808</ele></trkpt>
      <trkpt lat="46.447357" lon="13.801754"><ele>1813</ele></trkpt>
      <trkpt lat="46.447349" lon="13.801836"><ele>1817</ele></trkpt>
      <trkpt lat="46.447352" lon="13.801932"><ele>1822</ele></trkpt>
      <trkpt lat="46.447371" lon="13.801991"><ele>1823</ele></trkpt>
      <trkpt lat="46.44731" lon="13.802039"><ele>1827</ele></trkpt>
      <trkpt lat="46.447296" lon="13.802174"><ele>1831</ele></trkpt>
      <trkpt lat="46.447265" lon="13.802214"><ele>1833</ele></trkpt>
      <trkpt lat="46.447272" lon="13.802232"><ele>1834</ele></trkpt>
      <trkpt lat="46.447272" lon="13.802267"><ele>1835</ele></trkpt>
      <trkpt lat="46.447256" lon="13.802318"><ele>1837</ele></trkpt>
      <trkpt lat="46.447273" lon="13.802351"><ele>1837</ele></trkpt>
      <trkpt lat="46.447272" lon="13.80238"><ele>1838</ele></trkpt>
      <trkpt lat="46.447246" lon="13.802383"><ele>1839</ele></trkpt>
      <trkpt lat="46.447228" lon="13.802399"><ele>1840</ele></trkpt>
      <trkpt lat="46.447209" lon="13.802384"><ele>1840</ele></trkpt>
      <trkpt lat="46.447181" lon="13.802389"><ele>1841</ele></trkpt>
      <trkpt lat="46.447177" lon="13.802433"><ele>1843</ele></trkpt>
      <trkpt lat="46.447142" lon="13.802416"><ele>1843</ele></trkpt>
      <trkpt lat="46.447125" lon="13.80243"><ele>1844</ele></trkpt>
      <trkpt lat="46.447119" lon="13.802451"><ele>1845</ele></trkpt>
      <trkpt lat="46.447098" lon="13.802464"><ele>1846</ele></trkpt>
      <trkpt lat="46.447096" lon="13.802482"><ele>1847</ele></trkpt>
      <trkpt lat="46.447093" lon="13.802591"><ele>1851</ele></trkpt>
      <trkpt lat="46.447083" lon="13.802668"><ele>1855</ele></trkpt>
      <trkpt lat="46.447096" lon="13.802713"><ele>1856</ele></trkpt>
      <trkpt lat="46.44713" lon="13.802731"><ele>1856</ele></trkpt>
      <trkpt lat="46.447161" lon="13.802783"><ele>1858</ele></trkpt>
      <trkpt lat="46.447203" lon="13.802921"><ele>1862</ele></trkpt>
      <trkpt lat="46.447187" lon="13.802973"><ele>1864</ele></trkpt>
      <trkpt lat="46.447219" lon="13.803035"><ele>1865</ele></trkpt>
      <trkpt lat="46.447251" lon="13.803141"><ele>1869</ele></trkpt>
      <trkpt lat="46.447284" lon="13.803189"><ele>1870</ele></trkpt>
      <trkpt lat="46.447289" lon="13.803213"><ele>1871</ele></trkpt>
      <trkpt lat="46.447271" lon="13.803261"><ele>1872</ele></trkpt>
      <trkpt lat="46.4473" lon="13.803298"><ele>1873</ele></trkpt>
      <trkpt lat="46.447308" lon="13.803332"><ele>1874</ele></trkpt>
      <trkpt lat="46.447286" lon="13.803369"><ele>1876</ele></trkpt>
      <trkpt lat="46.447313" lon="13.803537"><ele>1881</ele></trkpt>
      <trkpt lat="46.447306" lon="13.803611"><ele>1883</ele></trkpt>
      <trkpt lat="46.447268" lon="13.803761"><ele>1890</ele></trkpt>
      <trkpt lat="46.447314" lon="13.803878"><ele>1894</ele></trkpt>
      <trkpt lat="46.447366" lon="13.803957"><ele>1895</ele></trkpt>
      <trkpt lat="46.447387" lon="13.804026"><ele>1898</ele></trkpt>
      <trkpt lat="46.447441" lon="13.804144"><ele>1901</ele></trkpt>
      <trkpt lat="46.447449" lon="13.804203"><ele>1903</ele></trkpt>
      <trkpt lat="46.447555" lon="13.804327"><ele>1905</ele></trkpt>
      <trkpt lat="46.447596" lon="13.804389"><ele>1906</ele></trkpt>
      <trkpt lat="46.447611" lon="13.804441"><ele>1908</ele></trkpt>
      <trkpt lat="46.447654" lon="13.804501"><ele>1909</ele></trkpt>
      <trkpt lat="46.447661" lon="13.804552"><ele>1911</ele></trkpt>
      <trkpt lat="46.447633" lon="13.804604"><ele>1913</ele></trkpt>
      <trkpt lat="46.447633" lon="13.804625"><ele>1914</ele></trkpt>
      <trkpt lat="46.447668" lon="13.804678"><ele>1915</ele></trkpt>
      <trkpt lat="46.447689" lon="13.804755"><ele>1918</ele></trkpt>
      <trkpt lat="46.447698" lon="13.804827"><ele>1920</ele></trkpt>
      <trkpt lat="46.447698" lon="13.804896"><ele>1923</ele></trkpt>
      <trkpt lat="46.447686" lon="13.804994"><ele>1927</ele></trkpt>
      <trkpt lat="46.447689" lon="13.805097"><ele>1930</ele></trkpt>
      <trkpt lat="46.447755" lon="13.805248"><ele>1933</ele></trkpt>
      <trkpt lat="46.447777" lon="13.805355"><ele>1936</ele></trkpt>
      <trkpt lat="46.447827" lon="13.805391"><ele>1936</ele></trkpt>
      <trkpt lat="46.447868" lon="13.805438"><ele>1936</ele></trkpt>
      <trkpt lat="46.44796" lon="13.805605"><ele>1940</ele></trkpt>
      <trkpt lat="46.448" lon="13.805726"><ele>1944</ele></trkpt>
      <trkpt lat="46.448103" lon="13.805899"><ele>1949</ele></trkpt>
      <trkpt lat="46.44815" lon="13.806007"><ele>1953</ele></trkpt>
      <trkpt lat="46.448232" lon="13.806136"><ele>1957</ele></trkpt>
      <trkpt lat="46.448286" lon="13.806179"><ele>1958</ele></trkpt>
      <trkpt lat="46.448302" lon="13.806233"><ele>1960</ele></trkpt>
      <trkpt lat="46.448345" lon="13.806257"><ele>1961</ele></trkpt>
      <trkpt lat="46.448375" lon="13.806321"><ele>1963</ele></trkpt>
      <trkpt lat="46.448445" lon="13.806442"><ele>1969</ele></trkpt>
      <trkpt lat="46.448485" lon="13.806489"><ele>1971</ele></trkpt>
      <trkpt lat="46.448507" lon="13.806599"><ele>1975</ele></trkpt>
      <trkpt lat="46.448527" lon="13.806621"><ele>1976</ele></trkpt>
      <trkpt lat="46.448544" lon="13.80667"><ele>1978</ele></trkpt>
      <trkpt lat="46.448544" lon="13.806702"><ele>1979</ele></trkpt>
      <trkpt lat="46.448504" lon="13.806738"><ele>1980</ele></trkpt>
      <trkpt lat="46.448504" lon="13.80676"><ele>1981</ele></trkpt>
      <trkpt lat="46.448526" lon="13.806802"><ele>1983</ele></trkpt>
      <trkpt lat="46.448615" lon="13.806928"><ele>1987</ele></trkpt>
      <trkpt lat="46.448657" lon="13.80697"><ele>1989</ele></trkpt>
      <trkpt lat="46.448717" lon="13.806975"><ele>1990</ele></trkpt>
      <trkpt lat="46.448774" lon="13.807025"><ele>1991</ele></trkpt>
      <trkpt lat="46.448782" lon="13.807049"><ele>1992</ele></trkpt>
      <trkpt lat="46.448782" lon="13.807085"><ele>1993</ele></trkpt>
      <trkpt lat="46.448767" lon="13.807144"><ele>1994</ele></trkpt>
      <trkpt lat="46.44887" lon="13.807321"><ele>2001</ele></trkpt>
      <trkpt lat="46.448922" lon="13.807438"><ele>2006</ele></trkpt>
      <trkpt lat="46.448936" lon="13.807505"><ele>2009</ele></trkpt>
      <trkpt lat="46.448938" lon="13.807705"><ele>2016</ele></trkpt>
      <trkpt lat="46.448973" lon="13.807807"><ele>2020</ele></trkpt>
      <trkpt lat="46.448977" lon="13.807856"><ele>2022</ele></trkpt>
      <trkpt lat="46.448971" lon="13.807902"><ele>2023</ele></trkpt>
      <trkpt lat="46.44896" lon="13.807951"><ele>2025</ele></trkpt>
      <trkpt lat="46.448985" lon="13.807988"><ele>2027</ele></trkpt>
      <trkpt lat="46.449084" lon="13.808012"><ele>2029</ele></trkpt>
      <trkpt lat="46.449161" lon="13.808041"><ele>2031</ele></trkpt>
      <trkpt lat="46.449182" lon="13.80808"><ele>2033</ele></trkpt>
      <trkpt lat="46.44926" lon="13.808153"><ele>2037</ele></trkpt>
      <trkpt lat="46.44928" lon="13.808212"><ele>2040</ele></trkpt>
      <trkpt lat="46.449281" lon="13.808244"><ele>2041</ele></trkpt>
      <trkpt lat="46.449319" lon="13.808291"><ele>2043</ele></trkpt>
      <trkpt lat="46.449331" lon="13.808376"><ele>2047</ele></trkpt>
      <trkpt lat="46.449289" lon="13.808399"><ele>2047</ele></trkpt>
      <trkpt lat="46.44928" lon="13.808428"><ele>2048</ele></trkpt>
      <trkpt lat="46.449292" lon="13.808482"><ele>2050</ele></trkpt>
      <trkpt lat="46.44935" lon="13.808588"><ele>2055</ele></trkpt>
      <trkpt lat="46.449399" lon="13.808632"><ele>2058</ele></trkpt>
      <trkpt lat="46.449427" lon="13.80873"><ele>2062</ele></trkpt>
      <trkpt lat="46.449388" lon="13.8088"><ele>2064</ele></trkpt>
      <trkpt lat="46.449485" lon="13.808917"><ele>2071</ele></trkpt>
      <trkpt lat="46.449518" lon="13.808978"><ele>2075</ele></trkpt>
      <trkpt lat="46.449549" lon="13.809016"><ele>2077</ele></trkpt>
      <trkpt lat="46.449544" lon="13.809065"><ele>2079</ele></trkpt>
      <trkpt lat="46.449547" lon="13.809132"><ele>2081</ele></trkpt>
      <trkpt lat="46.449626" lon="13.809171"><ele>2085</ele></trkpt>
      <trkpt lat="46.449701" lon="13.809232"><ele>2089</ele></trkpt>
      <trkpt lat="46.44974" lon="13.809341"><ele>2095</ele></trkpt>
      <trkpt lat="46.449794" lon="13.809369"><ele>2099</ele></trkpt>
      <trkpt lat="46.449834" lon="13.809372"><ele>2101</ele></trkpt>
      <trkpt lat="46.44985" lon="13.80946"><ele>2105</ele></trkpt>
      <trkpt lat="46.449812" lon="13.809724"><ele>2116</ele></trkpt>
      <trkpt lat="46.449708" lon="13.809876"><ele>2121</ele></trkpt>
      <trkpt lat="46.449637" lon="13.810062"><ele>2131</ele></trkpt>
      <trkpt lat="46.449585" lon="13.810101"><ele>2133</ele></trkpt>
      <trkpt lat="46.449547" lon="13.810144"><ele>2135</ele></trkpt>
      <trkpt lat="46.449393" lon="13.810172"><ele>2138</ele></trkpt>
      <trkpt lat="46.449338" lon="13.810207"><ele>2141</ele></trkpt>
      <trkpt lat="46.449259" lon="13.810337"><ele>2149</ele></trkpt>
      <trkpt lat="46.449214" lon="13.810374"><ele>2151</ele></trkpt>
      <trkpt lat="46.44918" lon="13.810388"><ele>2153</ele></trkpt>
      <trkpt lat="46.44917" lon="13.810445"><ele>2155</ele></trkpt>
      <trkpt lat="46.449107" lon="13.810584"><ele>2164</ele></trkpt>
      <trkpt lat="46.449146" lon="13.810773"><ele>2172</ele></trkpt>
      <trkpt lat="46.449088" lon="13.810843"><ele>2177</ele></trkpt>
      <trkpt lat="46.448946" lon="13.810952"><ele>2186</ele></trkpt>
      <trkpt lat="46.448834" lon="13.811004"><ele>2193</ele></trkpt>
      <trkpt lat="46.448758" lon="13.811063"><ele>2199</ele></trkpt>
      <trkpt lat="46.448723" lon="13.811058"><ele>2200</ele></trkpt>
      <trkpt lat="46.448668" lon="13.811093"><ele>2203</ele></trkpt>
      <trkpt lat="46.448602" lon="13.811155"><ele>2209</ele></trkpt>
      <trkpt lat="46.448542" lon="13.811169"><ele>2213</ele></trkpt>
      <trkpt lat="46.44841" lon="13.811124"><ele>2219</ele></trkpt>
      <trkpt lat="46.448369" lon="13.811088"><ele>2220</ele></trkpt>
      <trkpt lat="46.448331" lon="13.811007"><ele>2220</ele></trkpt>
      <trkpt lat="46.448291" lon="13.81105"><ele>2222</ele></trkpt>
      <trkpt lat="46.44826" lon="13.811166"><ele>2227</ele></trkpt>
      <trkpt lat="46.448168" lon="13.811286"><ele>2233</ele></trkpt>
      <trkpt lat="46.448017" lon="13.811354"><ele>2241</ele></trkpt>
      <trkpt lat="46.447897" lon="13.811528"><ele>2252</ele></trkpt>
      <trkpt lat="46.447924" lon="13.811698"><ele>2260</ele></trkpt>
      <trkpt lat="46.447962" lon="13.811799"><ele>2263</ele></trkpt>
      <trkpt lat="46.447904" lon="13.811894"><ele>2269</ele></trkpt>
      <trkpt lat="46.447911" lon="13.811977"><ele>2273</ele></trkpt>
      <trkpt lat="46.447848" lon="13.812036"><ele>2277</ele></trkpt>
      <trkpt lat="46.447835" lon="13.812108"><ele>2281</ele></trkpt>
      <trkpt lat="46.447752" lon="13.812186"><ele>2287</ele></trkpt>
      <trkpt lat="46.447671" lon="13.812159"><ele>2291</ele></trkpt>
      <trkpt lat="46.447662" lon="13.812348"><ele>2298</ele></trkpt>
      <trkpt lat="46.447622" lon="13.812346"><ele>2300</ele></trkpt>
      <trkpt lat="46.447619" lon="13.81241"><ele>2303</ele></trkpt>
      <trkpt lat="46.447546" lon="13.812376"><ele>2305</ele></trkpt>
      <trkpt lat="46.447555" lon="13.812482"><ele>2307</ele></trkpt>
      <trkpt lat="46.44759" lon="13.812571"><ele>2309</ele></trkpt>
      <trkpt lat="46.447586" lon="13.812692"><ele>2313</ele></trkpt>
      <trkpt lat="46.447537" lon="13.812701"><ele>2314</ele></trkpt>
      <trkpt lat="46.447534" lon="13.812927"><ele>2322</ele></trkpt>
      <trkpt lat="46.447518" lon="13.813071"><ele>2327</ele></trkpt>
      <trkpt lat="46.447453" lon="13.813175"><ele>2332</ele></trkpt>
      <trkpt lat="46.447444" lon="13.813259"><ele>2335</ele></trkpt>
      <trkpt lat="46.447455" lon="13.813414"><ele>2342</ele></trkpt>
      <trkpt lat="46.447416" lon="13.813502"><ele>2346</ele></trkpt>
      <trkpt lat="46.447462" lon="13.813578"><ele>2349</ele></trkpt>
      <trkpt lat="46.447465" lon="13.813741"><ele>2356</ele></trkpt>
      <trkpt lat="46.44752" lon="13.81382"><ele>2360</ele></trkpt>
      <trkpt lat="46.447591" lon="13.813859"><ele>2365</ele></trkpt>
      <trkpt lat="46.447672" lon="13.813861"><ele>2369</ele></trkpt>
      <trkpt lat="46.447732" lon="13.81389"><ele>2373</ele></trkpt>
      <trkpt lat="46.44776" lon="13.81393"><ele>2377</ele></trkpt>
      <trkpt lat="46.447788" lon="13.814084"><ele>2388</ele></trkpt>
      <trkpt lat="46.447813" lon="13.814123"><ele>2392</ele></trkpt>
      <trkpt lat="46.447899" lon="13.814236"><ele>2403</ele></trkpt>
      <trkpt lat="46.447998" lon="13.814275"><ele>2413</ele></trkpt>
      <trkpt lat="46.448111" lon="13.814236"><ele>2421</ele></trkpt>
      <trkpt lat="46.4482" lon="13.814294"><ele>2430</ele></trkpt>
      <trkpt lat="46.448283" lon="13.814298"><ele>2437</ele></trkpt>
      <trkpt lat="46.448444" lon="13.814411"><ele>2452</ele></trkpt>
      <trkpt lat="46.448532" lon="13.814458"><ele>2457</ele></trkpt>
      <trkpt lat="46.448694" lon="13.81434"><ele>2462</ele></trkpt>
      <trkpt lat="46.448755" lon="13.81436"><ele>2462</ele></trkpt>
      <trkpt lat="46.448805" lon="13.814348"><ele>2461</ele></trkpt>
      <trkpt lat="46.448755" lon="13.81436"><ele>2462</ele></trkpt>
      <trkpt lat="46.448694" lon="13.81434"><ele>2462</ele></trkpt>
      <trkpt lat="46.448532" lon="13.814458"><ele>2457</ele></trkpt>
      <trkpt lat="46.448444" lon="13.814411"><ele>2452</ele></trkpt>
      <trkpt lat="46.448283" lon="13.814298"><ele>2437</ele></trkpt>
      <trkpt lat="46.4482" lon="13.814294"><ele>2430</ele></trkpt>
      <trkpt lat="46.448111" lon="13.814236"><ele>2421</ele></trkpt>
      <trkpt lat="46.447998" lon="13.814275"><ele>2413</ele></trkpt>
      <trkpt lat="46.447899" lon="13.814236"><ele>2403</ele></trkpt>
      <trkpt lat="46.447813" lon="13.814123"><ele>2392</ele></trkpt>
      <trkpt lat="46.447788" lon="13.814084"><ele>2388</ele></trkpt>
      <trkpt lat="46.44776" lon="13.81393"><ele>2377</ele></trkpt>
      <trkpt lat="46.447732" lon="13.81389"><ele>2373</ele></trkpt>
      <trkpt lat="46.447672" lon="13.813861"><ele>2369</ele></trkpt>
      <trkpt lat="46.447591" lon="13.813859"><ele>2365</ele></trkpt>
      <trkpt lat="46.44752" lon="13.81382"><ele>2360</ele></trkpt>
      <trkpt lat="46.447465" lon="13.813741"><ele>2356</ele></trkpt>
      <trkpt lat="46.447462" lon="13.813578"><ele>2349</ele></trkpt>
      <trkpt lat="46.447416" lon="13.813502"><ele>2346</ele></trkpt>
      <trkpt lat="46.447455" lon="13.813414"><ele>2342</ele></trkpt>
      <trkpt lat="46.447444" lon="13.813259"><ele>2335</ele></trkpt>
      <trkpt lat="46.447453" lon="13.813175"><ele>2332</ele></trkpt>
      <trkpt lat="46.447518" lon="13.813071"><ele>2327</ele></trkpt>
      <trkpt lat="46.447534" lon="13.812927"><ele>2322</ele></trkpt>
      <trkpt lat="46.447537" lon="13.812701"><ele>2314</ele></trkpt>
      <trkpt lat="46.447586" lon="13.812692"><ele>2313</ele></trkpt>
      <trkpt lat="46.44759" lon="13.812571"><ele>2309</ele></trkpt>
      <trkpt lat="46.447555" lon="13.812482"><ele>2307</ele></trkpt>
      <trkpt lat="46.447546" lon="13.812376"><ele>2305</ele></trkpt>
      <trkpt lat="46.447619" lon="13.81241"><ele>2303</ele></trkpt>
      <trkpt lat="46.447622" lon="13.812346"><ele>2300</ele></trkpt>
      <trkpt lat="46.447662" lon="13.812348"><ele>2298</ele></trkpt>
      <trkpt lat="46.447671" lon="13.812159"><ele>2291</ele></trkpt>
      <trkpt lat="46.447752" lon="13.812186"><ele>2287</ele></trkpt>
      <trkpt lat="46.447835" lon="13.812108"><ele>2281</ele></trkpt>
      <trkpt lat="46.447848" lon="13.812036"><ele>2277</ele></trkpt>
      <trkpt lat="46.447911" lon="13.811977"><ele>2273</ele></trkpt>
      <trkpt lat="46.447904" lon="13.811894"><ele>2269</ele></trkpt>
      <trkpt lat="46.447962" lon="13.811799"><ele>2263</ele></trkpt>
      <trkpt lat="46.447924" lon="13.811698"><ele>2260</ele></trkpt>
      <trkpt lat="46.447897" lon="13.811528"><ele>2252</ele></trkpt>
      <trkpt lat="46.448017" lon="13.811354"><ele>2241</ele></trkpt>
      <trkpt lat="46.448168" lon="13.811286"><ele>2233</ele></trkpt>
      <trkpt lat="46.44826" lon="13.811166"><ele>2227</ele></trkpt>
      <trkpt lat="46.448291" lon="13.81105"><ele>2222</ele></trkpt>
      <trkpt lat="46.448331" lon="13.811007"><ele>2220</ele></trkpt>
      <trkpt lat="46.448369" lon="13.811088"><ele>2220</ele></trkpt>
      <trkpt lat="46.44841" lon="13.811124"><ele>2219</ele></trkpt>
      <trkpt lat="46.448542" lon="13.811169"><ele>2213</ele></trkpt>
      <trkpt lat="46.448602" lon="13.811155"><ele>2209</ele></trkpt>
      <trkpt lat="46.448668" lon="13.811093"><ele>2203</ele></trkpt>
      <trkpt lat="46.448723" lon="13.811058"><ele>2200</ele></trkpt>
      <trkpt lat="46.448758" lon="13.811063"><ele>2199</ele></trkpt>
      <trkpt lat="46.448834" lon="13.811004"><ele>2193</ele></trkpt>
      <trkpt lat="46.448946" lon="13.810952"><ele>2186</ele></trkpt>
      <trkpt lat="46.449088" lon="13.810843"><ele>2177</ele></trkpt>
      <trkpt lat="46.449146" lon="13.810773"><ele>2172</ele></trkpt>
      <trkpt lat="46.449107" lon="13.810584"><ele>2164</ele></trkpt>
      <trkpt lat="46.44917" lon="13.810445"><ele>2155</ele></trkpt>
      <trkpt lat="46.44918" lon="13.810388"><ele>2153</ele></trkpt>
      <trkpt lat="46.449214" lon="13.810374"><ele>2151</ele></trkpt>
      <trkpt lat="46.449259" lon="13.810337"><ele>2149</ele></trkpt>
      <trkpt lat="46.449338" lon="13.810207"><ele>2141</ele></trkpt>
      <trkpt lat="46.449393" lon="13.810172"><ele>2138</ele></trkpt>
      <trkpt lat="46.449547" lon="13.810144"><ele>2135</ele></trkpt>
      <trkpt lat="46.449585" lon="13.810101"><ele>2133</ele></trkpt>
      <trkpt lat="46.449637" lon="13.810062"><ele>2131</ele></trkpt>
      <trkpt lat="46.449708" lon="13.809876"><ele>2121</ele></trkpt>
      <trkpt lat="46.449812" lon="13.809724"><ele>2116</ele></trkpt>
      <trkpt lat="46.44985" lon="13.80946"><ele>2105</ele></trkpt>
      <trkpt lat="46.449834" lon="13.809372"><ele>2101</ele></trkpt>
      <trkpt lat="46.449794" lon="13.809369"><ele>2099</ele></trkpt>
      <trkpt lat="46.44974" lon="13.809341"><ele>2095</ele></trkpt>
      <trkpt lat="46.449701" lon="13.809232"><ele>2089</ele></trkpt>
      <trkpt lat="46.449626" lon="13.809171"><ele>2085</ele></trkpt>
      <trkpt lat="46.449547" lon="13.809132"><ele>2081</ele></trkpt>
      <trkpt lat="46.449544" lon="13.809065"><ele>2079</ele></trkpt>
      <trkpt lat="46.449549" lon="13.809016"><ele>2077</ele></trkpt>
      <trkpt lat="46.449518" lon="13.808978"><ele>2075</ele></trkpt>
      <trkpt lat="46.449485" lon="13.808917"><ele>2071</ele></trkpt>
      <trkpt lat="46.449388" lon="13.8088"><ele>2064</ele></trkpt>
      <trkpt lat="46.449427" lon="13.80873"><ele>2062</ele></trkpt>
      <trkpt lat="46.449399" lon="13.808632"><ele>2058</ele></trkpt>
      <trkpt lat="46.44935" lon="13.808588"><ele>2055</ele></trkpt>
      <trkpt lat="46.449292" lon="13.808482"><ele>2050</ele></trkpt>
      <trkpt lat="46.44928" lon="13.808428"><ele>2048</ele></trkpt>
      <trkpt lat="46.449289" lon="13.808399"><ele>2047</ele></trkpt>
      <trkpt lat="46.449331" lon="13.808376"><ele>2047</ele></trkpt>
      <trkpt lat="46.449319" lon="13.808291"><ele>2043</ele></trkpt>
      <trkpt lat="46.449281" lon="13.808244"><ele>2041</ele></trkpt>
      <trkpt lat="46.44928" lon="13.808212"><ele>2040</ele></trkpt>
      <trkpt lat="46.44926" lon="13.808153"><ele>2037</ele></trkpt>
      <trkpt lat="46.449182" lon="13.80808"><ele>2033</ele></trkpt>
      <trkpt lat="46.449161" lon="13.808041"><ele>2031</ele></trkpt>
      <trkpt lat="46.449084" lon="13.808012"><ele>2029</ele></trkpt>
      <trkpt lat="46.448985" lon="13.807988"><ele>2027</ele></trkpt>
      <trkpt lat="46.44896" lon="13.807951"><ele>2025</ele></trkpt>
      <trkpt lat="46.448971" lon="13.807902"><ele>2023</ele></trkpt>
      <trkpt lat="46.448977" lon="13.807856"><ele>2022</ele></trkpt>
      <trkpt lat="46.448973" lon="13.807807"><ele>2020</ele></trkpt>
      <trkpt lat="46.448938" lon="13.807705"><ele>2016</ele></trkpt>
      <trkpt lat="46.448936" lon="13.807505"><ele>2009</ele></trkpt>
      <trkpt lat="46.448922" lon="13.807438"><ele>2006</ele></trkpt>
      <trkpt lat="46.44887" lon="13.807321"><ele>2001</ele></trkpt>
      <trkpt lat="46.448767" lon="13.807144"><ele>1994</ele></trkpt>
      <trkpt lat="46.448782" lon="13.807085"><ele>1993</ele></trkpt>
      <trkpt lat="46.448782" lon="13.807049"><ele>1992</ele></trkpt>
      <trkpt lat="46.448774" lon="13.807025"><ele>1991</ele></trkpt>
      <trkpt lat="46.448717" lon="13.806975"><ele>1990</ele></trkpt>
      <trkpt lat="46.448657" lon="13.80697"><ele>1989</ele></trkpt>
      <trkpt lat="46.448615" lon="13.806928"><ele>1987</ele></trkpt>
      <trkpt lat="46.448526" lon="13.806802"><ele>1983</ele></trkpt>
      <trkpt lat="46.448504" lon="13.80676"><ele>1981</ele></trkpt>
      <trkpt lat="46.448504" lon="13.806738"><ele>1980</ele></trkpt>
      <trkpt lat="46.448544" lon="13.806702"><ele>1979</ele></trkpt>
      <trkpt lat="46.448544" lon="13.80667"><ele>1978</ele></trkpt>
      <trkpt lat="46.448527" lon="13.806621"><ele>1976</ele></trkpt>
      <trkpt lat="46.448507" lon="13.806599"><ele>1975</ele></trkpt>
      <trkpt lat="46.448485" lon="13.806489"><ele>1971</ele></trkpt>
      <trkpt lat="46.448445" lon="13.806442"><ele>1969</ele></trkpt>
      <trkpt lat="46.448375" lon="13.806321"><ele>1963</ele></trkpt>
      <trkpt lat="46.448345" lon="13.806257"><ele>1961</ele></trkpt>
      <trkpt lat="46.448302" lon="13.806233"><ele>1960</ele></trkpt>
      <trkpt lat="46.448286" lon="13.806179"><ele>1958</ele></trkpt>
      <trkpt lat="46.448232" lon="13.806136"><ele>1957</ele></trkpt>
      <trkpt lat="46.44815" lon="13.806007"><ele>1953</ele></trkpt>
      <trkpt lat="46.448103" lon="13.805899"><ele>1949</ele></trkpt>
      <trkpt lat="46.448" lon="13.805726"><ele>1944</ele></trkpt>
      <trkpt lat="46.44796" lon="13.805605"><ele>1940</ele></trkpt>
      <trkpt lat="46.447868" lon="13.805438"><ele>1936</ele></trkpt>
      <trkpt lat="46.447827" lon="13.805391"><ele>1936</ele></trkpt>
      <trkpt lat="46.447777" lon="13.805355"><ele>1936</ele></trkpt>
      <trkpt lat="46.447755" lon="13.805248"><ele>1933</ele></trkpt>
      <trkpt lat="46.447689" lon="13.805097"><ele>1930</ele></trkpt>
      <trkpt lat="46.447686" lon="13.804994"><ele>1927</ele></trkpt>
      <trkpt lat="46.447698" lon="13.804896"><ele>1923</ele></trkpt>
      <trkpt lat="46.447698" lon="13.804827"><ele>1920</ele></trkpt>
      <trkpt lat="46.447689" lon="13.804755"><ele>1918</ele></trkpt>
      <trkpt lat="46.447668" lon="13.804678"><ele>1915</ele></trkpt>
      <trkpt lat="46.447633" lon="13.804625"><ele>1914</ele></trkpt>
      <trkpt lat="46.447633" lon="13.804604"><ele>1913</ele></trkpt>
      <trkpt lat="46.447661" lon="13.804552"><ele>1911</ele></trkpt>
      <trkpt lat="46.447654" lon="13.804501"><ele>1909</ele></trkpt>
      <trkpt lat="46.447611" lon="13.804441"><ele>1908</ele></trkpt>
      <trkpt lat="46.447596" lon="13.804389"><ele>1906</ele></trkpt>
      <trkpt lat="46.447555" lon="13.804327"><ele>1905</ele></trkpt>
      <trkpt lat="46.447449" lon="13.804203"><ele>1903</ele></trkpt>
      <trkpt lat="46.447441" lon="13.804144"><ele>1901</ele></trkpt>
      <trkpt lat="46.447387" lon="13.804026"><ele>1898</ele></trkpt>
      <trkpt lat="46.447366" lon="13.803957"><ele>1895</ele></trkpt>
      <trkpt lat="46.447314" lon="13.803878"><ele>1894</ele></trkpt>
      <trkpt lat="46.447268" lon="13.803761"><ele>1890</ele></trkpt>
      <trkpt lat="46.447306" lon="13.803611"><ele>1883</ele></trkpt>
      <trkpt lat="46.447313" lon="13.803537"><ele>1881</ele></trkpt>
      <trkpt lat="46.447286" lon="13.803369"><ele>1876</ele></trkpt>
      <trkpt lat="46.447308" lon="13.803332"><ele>1874</ele></trkpt>
      <trkpt lat="46.4473" lon="13.803298"><ele>1873</ele></trkpt>
      <trkpt lat="46.447271" lon="13.803261"><ele>1872</ele></trkpt>
      <trkpt lat="46.447289" lon="13.803213"><ele>1871</ele></trkpt>
      <trkpt lat="46.447284" lon="13.803189"><ele>1870</ele></trkpt>
      <trkpt lat="46.447251" lon="13.803141"><ele>1869</ele></trkpt>
      <trkpt lat="46.447219" lon="13.803035"><ele>1865</ele></trkpt>
      <trkpt lat="46.447187" lon="13.802973"><ele>1864</ele></trkpt>
      <trkpt lat="46.447203" lon="13.802921"><ele>1862</ele></trkpt>
      <trkpt lat="46.447161" lon="13.802783"><ele>1858</ele></trkpt>
      <trkpt lat="46.44713" lon="13.802731"><ele>1856</ele></trkpt>
      <trkpt lat="46.447096" lon="13.802713"><ele>1856</ele></trkpt>
      <trkpt lat="46.447083" lon="13.802668"><ele>1855</ele></trkpt>
      <trkpt lat="46.447093" lon="13.802591"><ele>1851</ele></trkpt>
      <trkpt lat="46.447096" lon="13.802482"><ele>1847</ele></trkpt>
      <trkpt lat="46.447098" lon="13.802464"><ele>1846</ele></trkpt>
      <trkpt lat="46.447119" lon="13.802451"><ele>1845</ele></trkpt>
      <trkpt lat="46.447125" lon="13.80243"><ele>1844</ele></trkpt>
      <trkpt lat="46.447142" lon="13.802416"><ele>1843</ele></trkpt>
      <trkpt lat="46.447177" lon="13.802433"><ele>1843</ele></trkpt>
      <trkpt lat="46.447181" lon="13.802389"><ele>1841</ele></trkpt>
      <trkpt lat="46.447209" lon="13.802384"><ele>1840</ele></trkpt>
      <trkpt lat="46.447228" lon="13.802399"><ele>1840</ele></trkpt>
      <trkpt lat="46.447246" lon="13.802383"><ele>1839</ele></trkpt>
      <trkpt lat="46.447272" lon="13.80238"><ele>1838</ele></trkpt>
      <trkpt lat="46.447273" lon="13.802351"><ele>1837</ele></trkpt>
      <trkpt lat="46.447256" lon="13.802318"><ele>1837</ele></trkpt>
      <trkpt lat="46.447272" lon="13.802267"><ele>1835</ele></trkpt>
      <trkpt lat="46.447272" lon="13.802232"><ele>1834</ele></trkpt>
      <trkpt lat="46.447265" lon="13.802214"><ele>1833</ele></trkpt>
      <trkpt lat="46.447296" lon="13.802174"><ele>1831</ele></trkpt>
      <trkpt lat="46.44731" lon="13.802039"><ele>1827</ele></trkpt>
      <trkpt lat="46.447371" lon="13.801991"><ele>1823</ele></trkpt>
      <trkpt lat="46.447352" lon="13.801932"><ele>1822</ele></trkpt>
      <trkpt lat="46.447349" lon="13.801836"><ele>1817</ele></trkpt>
      <trkpt lat="46.447357" lon="13.801754"><ele>1813</ele></trkpt>
      <trkpt lat="46.447354" lon="13.801649"><ele>1808</ele></trkpt>
      <trkpt lat="46.447396" lon="13.801619"><ele>1806</ele></trkpt>
      <trkpt lat="46.447397" lon="13.801529"><ele>1802</ele></trkpt>
      <trkpt lat="46.447417" lon="13.80143"><ele>1796</ele></trkpt>
      <trkpt lat="46.447445" lon="13.801345"><ele>1792</ele></trkpt>
      <trkpt lat="46.447504" lon="13.801323"><ele>1788</ele></trkpt>
      <trkpt lat="46.447534" lon="13.801336"><ele>1787</ele></trkpt>
      <trkpt lat="46.447597" lon="13.801391"><ele>1786</ele></trkpt>
      <trkpt lat="46.447629" lon="13.801397"><ele>1785</ele></trkpt>
      <trkpt lat="46.447646" lon="13.801349"><ele>1782</ele></trkpt>
      <trkpt lat="46.447719" lon="13.801328"><ele>1778</ele></trkpt>
      <trkpt lat="46.447792" lon="13.801272"><ele>1773</ele></trkpt>
      <trkpt lat="46.447818" lon="13.801219"><ele>1771</ele></trkpt>
      <trkpt lat="46.447848" lon="13.801233"><ele>1770</ele></trkpt>
      <trkpt lat="46.447862" lon="13.801222"><ele>1769</ele></trkpt>
      <trkpt lat="46.447874" lon="13.801158"><ele>1767</ele></trkpt>
      <trkpt lat="46.447915" lon="13.801155"><ele>1764</ele></trkpt>
      <trkpt lat="46.448058" lon="13.800992"><ele>1753</ele></trkpt>
      <trkpt lat="46.448103" lon="13.800956"><ele>1750</ele></trkpt>
      <trkpt lat="46.448134" lon="13.8009"><ele>1747</ele></trkpt>
      <trkpt lat="46.448212" lon="13.800807"><ele>1740</ele></trkpt>
      <trkpt lat="46.448225" lon="13.800762"><ele>1739</ele></trkpt>
      <trkpt lat="46.448294" lon="13.800731"><ele>1734</ele></trkpt>
      <trkpt lat="46.448318" lon="13.800739"><ele>1733</ele></trkpt>
      <trkpt lat="46.44834" lon="13.800645"><ele>1731</ele></trkpt>
      <trkpt lat="46.448392" lon="13.800628"><ele>1729</ele></trkpt>
      <trkpt lat="46.448418" lon="13.800591"><ele>1727</ele></trkpt>
      <trkpt lat="46.448498" lon="13.800519"><ele>1722</ele></trkpt>
      <trkpt lat="46.448523" lon="13.800483"><ele>1719</ele></trkpt>
      <trkpt lat="46.448572" lon="13.800366"><ele>1713</ele></trkpt>
      <trkpt lat="46.448638" lon="13.800358"><ele>1709</ele></trkpt>
      <trkpt lat="46.448658" lon="13.800344"><ele>1708</ele></trkpt>
      <trkpt lat="46.448672" lon="13.800292"><ele>1706</ele></trkpt>
      <trkpt lat="46.448694" lon="13.800262"><ele>1705</ele></trkpt>
      <trkpt lat="46.448698" lon="13.800209"><ele>1703</ele></trkpt>
      <trkpt lat="46.448694" lon="13.800116"><ele>1699</ele></trkpt>
      <trkpt lat="46.448686" lon="13.800055"><ele>1697</ele></trkpt>
      <trkpt lat="46.448619" lon="13.799951"><ele>1695</ele></trkpt>
      <trkpt lat="46.448512" lon="13.799916"><ele>1696</ele></trkpt>
      <trkpt lat="46.44847" lon="13.799888"><ele>1695</ele></trkpt>
      <trkpt lat="46.448464" lon="13.799872"><ele>1695</ele></trkpt>
      <trkpt lat="46.448464" lon="13.799837"><ele>1693</ele></trkpt>
      <trkpt lat="46.448431" lon="13.799788"><ele>1690</ele></trkpt>
      <trkpt lat="46.448398" lon="13.799771"><ele>1689</ele></trkpt>
      <trkpt lat="46.448353" lon="13.799757"><ele>1688</ele></trkpt>
      <trkpt lat="46.448284" lon="13.799612"><ele>1683</ele></trkpt>
      <trkpt lat="46.448262" lon="13.79951"><ele>1681</ele></trkpt>
      <trkpt lat="46.448257" lon="13.79944"><ele>1679</ele></trkpt>
      <trkpt lat="46.448266" lon="13.799393"><ele>1677</ele></trkpt>
      <trkpt lat="46.448266" lon="13.799316"><ele>1675</ele></trkpt>
      <trkpt lat="46.448288" lon="13.799214"><ele>1672</ele></trkpt>
      <trkpt lat="46.448284" lon="13.799096"><ele>1667</ele></trkpt>
      <trkpt lat="46.448293" lon="13.799004"><ele>1663</ele></trkpt>
      <trkpt lat="46.448314" lon="13.798961"><ele>1661</ele></trkpt>
      <trkpt lat="46.448344" lon="13.79894"><ele>1660</ele></trkpt>
      <trkpt lat="46.448339" lon="13.79892"><ele>1659</ele></trkpt>
      <trkpt lat="46.448316" lon="13.798923"><ele>1660</ele></trkpt>
      <trkpt lat="46.448314" lon="13.798884"><ele>1658</ele></trkpt>
      <trkpt lat="46.448349" lon="13.798757"><ele>1653</ele></trkpt>
      <trkpt lat="46.448386" lon="13.798664"><ele>1649</ele></trkpt>
      <trkpt lat="46.44843" lon="13.798587"><ele>1645</ele></trkpt>
      <trkpt lat="46.448459" lon="13.798464"><ele>1640</ele></trkpt>
      <trkpt lat="46.448478" lon="13.798333"><ele>1635</ele></trkpt>
      <trkpt lat="46.448501" lon="13.79832"><ele>1634</ele></trkpt>
      <trkpt lat="46.448534" lon="13.798328"><ele>1632</ele></trkpt>
      <trkpt lat="46.448572" lon="13.798317"><ele>1630</ele></trkpt>
      <trkpt lat="46.44859" lon="13.798291"><ele>1629</ele></trkpt>
      <trkpt lat="46.448564" lon="13.798249"><ele>1628</ele></trkpt>
      <trkpt lat="46.448602" lon="13.798163"><ele>1624</ele></trkpt>
      <trkpt lat="46.44866" lon="13.798084"><ele>1621</ele></trkpt>
      <trkpt lat="46.448672" lon="13.798024"><ele>1619</ele></trkpt>
      <trkpt lat="46.448663" lon="13.797964"><ele>1616</ele></trkpt>
      <trkpt lat="46.448635" lon="13.797922"><ele>1615</ele></trkpt>
      <trkpt lat="46.448603" lon="13.797893"><ele>1615</ele></trkpt>
      <trkpt lat="46.448578" lon="13.797849"><ele>1614</ele></trkpt>
      <trkpt lat="46.44856" lon="13.797781"><ele>1611</ele></trkpt>
      <trkpt lat="46.448535" lon="13.797743"><ele>1610</ele></trkpt>
      <trkpt lat="46.448508" lon="13.797732"><ele>1609</ele></trkpt>
      <trkpt lat="46.448496" lon="13.79771"><ele>1608</ele></trkpt>
      <trkpt lat="46.448495" lon="13.79767"><ele>1606</ele></trkpt>
      <trkpt lat="46.448508" lon="13.797646"><ele>1605</ele></trkpt>
      <trkpt lat="46.448509" lon="13.797586"><ele>1602</ele></trkpt>
      <trkpt lat="46.448494" lon="13.79755"><ele>1600</ele></trkpt>
      <trkpt lat="46.448461" lon="13.797529"><ele>1599</ele></trkpt>
      <trkpt lat="46.448449" lon="13.797505"><ele>1598</ele></trkpt>
      <trkpt lat="46.448355" lon="13.797477"><ele>1596</ele></trkpt>
      <trkpt lat="46.448131" lon="13.797143"><ele>1593</ele></trkpt>
      <trkpt lat="46.447848" lon="13.796755"><ele>1593</ele></trkpt>
      <trkpt lat="46.447658" lon="13.796196"><ele>1558</ele></trkpt>
      <trkpt lat="46.447527" lon="13.795866"><ele>1548</ele></trkpt>
      <trkpt lat="46.447168" lon="13.795829"><ele>1599</ele></trkpt>
      <trkpt lat="46.446861" lon="13.796072"><ele>1615</ele></trkpt>
      <trkpt lat="46.446489" lon="13.796039"><ele>1609</ele></trkpt>
      <trkpt lat="46.446095" lon="13.795979"><ele>1615</ele></trkpt>
      <trkpt lat="46.445788" lon="13.796361"><ele>1636</ele></trkpt>
      <trkpt lat="46.445409" lon="13.796273"><ele>1611</ele></trkpt>
      <trkpt lat="46.445121" lon="13.796051"><ele>1589</ele></trkpt>
      <trkpt lat="46.444689" lon="13.795349"><ele>1531</ele></trkpt>
      <trkpt lat="46.444363" lon="13.795373"><ele>1527</ele></trkpt>
      <trkpt lat="46.444343" lon="13.795873"><ele>1519</ele></trkpt>
      <trkpt lat="46.444474" lon="13.796345"><ele>1544</ele></trkpt>
      <trkpt lat="46.444298" lon="13.796672"><ele>1541</ele></trkpt>
      <trkpt lat="46.44405" lon="13.796999"><ele>1532</ele></trkpt>
      <trkpt lat="46.443407" lon="13.796162"><ele>1513</ele></trkpt>
      <trkpt lat="46.442373" lon="13.795362"><ele>1505</ele></trkpt>
      <trkpt lat="46.44206" lon="13.795089"><ele>1495</ele></trkpt>
      <trkpt lat="46.441595" lon="13.795412"><ele>1495</ele></trkpt>
      <trkpt lat="46.441144" lon="13.795712"><ele>1492</ele></trkpt>
      <trkpt lat="46.440757" lon="13.796011"><ele>1506</ele></trkpt>
      <trkpt lat="46.440638" lon="13.796462"><ele>1527</ele></trkpt>
      <trkpt lat="46.44056" lon="13.796979"><ele>1558</ele></trkpt>
      <trkpt lat="46.440311" lon="13.797248"><ele>1572</ele></trkpt>
      <trkpt lat="46.440099" lon="13.797551"><ele>1572</ele></trkpt>
      <trkpt lat="46.439777" lon="13.797681"><ele>1559</ele></trkpt>
      <trkpt lat="46.439487" lon="13.797925"><ele>1559</ele></trkpt>
      <trkpt lat="46.439501" lon="13.798942"><ele>1555</ele></trkpt>
      <trkpt lat="46.439549" lon="13.799425"><ele>1563</ele></trkpt>
      <trkpt lat="46.439636" lon="13.799892"><ele>1579</ele></trkpt>
      <trkpt lat="46.439557" lon="13.800248"><ele>1578</ele></trkpt>
      <trkpt lat="46.439384" lon="13.800501"><ele>1568</ele></trkpt>
      <trkpt lat="46.43937" lon="13.80078"><ele>1570</ele></trkpt>
      <trkpt lat="46.439308" lon="13.800922"><ele>1566</ele></trkpt>
      <trkpt lat="46.439278" lon="13.801102"><ele>1564</ele></trkpt>
      <trkpt lat="46.439124" lon="13.801801"><ele>1555</ele></trkpt>
      <trkpt lat="46.439082" lon="13.802016"><ele>1554</ele></trkpt>
      <trkpt lat="46.439236" lon="13.801982"><ele>1564</ele></trkpt>
      <trkpt lat="46.439351" lon="13.801893"><ele>1571</ele></trkpt>
      <trkpt lat="46.43937" lon="13.801748"><ele>1573</ele></trkpt>
      <trkpt lat="46.439386" lon="13.801686"><ele>1574</ele></trkpt>
      <trkpt lat="46.439472" lon="13.801616"><ele>1581</ele></trkpt>
      <trkpt lat="46.439571" lon="13.801305"><ele>1588</ele></trkpt>
      <trkpt lat="46.43962" lon="13.80129"><ele>1591</ele></trkpt>
      <trkpt lat="46.439684" lon="13.801174"><ele>1596</ele></trkpt>
      <trkpt lat="46.439755" lon="13.801019"><ele>1601</ele></trkpt>
      <trkpt lat="46.439793" lon="13.800853"><ele>1604</ele></trkpt>
      <trkpt lat="46.439824" lon="13.800658"><ele>1604</ele></trkpt>
      <trkpt lat="46.43989" lon="13.800514"><ele>1608</ele></trkpt>
      <trkpt lat="46.439893" lon="13.800397"><ele>1606</ele></trkpt>
      <trkpt lat="46.439915" lon="13.800331"><ele>1606</ele></trkpt>
      <trkpt lat="46.440011" lon="13.800296"><ele>1613</ele></trkpt>
      <trkpt lat="46.440116" lon="13.800066"><ele>1617</ele></trkpt>
      <trkpt lat="46.440215" lon="13.800008"><ele>1623</ele></trkpt>
      <trkpt lat="46.440306" lon="13.799899"><ele>1629</ele></trkpt>
      <trkpt lat="46.440341" lon="13.79972"><ele>1629</ele></trkpt>
      <trkpt lat="46.440397" lon="13.79956"><ele>1631</ele></trkpt>
      <trkpt lat="46.440432" lon="13.799502"><ele>1632</ele></trkpt>
      <trkpt lat="46.44043" lon="13.799463"><ele>1631</ele></trkpt>
      <trkpt lat="46.440459" lon="13.799377"><ele>1633</ele></trkpt>
      <trkpt lat="46.440526" lon="13.799327"><ele>1638</ele></trkpt>
      <trkpt lat="46.440583" lon="13.799299"><ele>1643</ele></trkpt>
      <trkpt lat="46.440593" lon="13.799206"><ele>1644</ele></trkpt>
      <trkpt lat="46.440658" lon="13.798992"><ele>1654</ele></trkpt>
      <trkpt lat="46.440677" lon="13.79882"><ele>1658</ele></trkpt>
      <trkpt lat="46.440677" lon="13.798653"><ele>1656</ele></trkpt>
      <trkpt lat="46.440687" lon="13.798517"><ele>1653</ele></trkpt>
      <trkpt lat="46.440706" lon="13.798396"><ele>1649</ele></trkpt>
      <trkpt lat="46.440765" lon="13.798353"><ele>1651</ele></trkpt>
      <trkpt lat="46.440824" lon="13.798341"><ele>1653</ele></trkpt>
      <trkpt lat="46.440875" lon="13.798384"><ele>1659</ele></trkpt>
      <trkpt lat="46.440956" lon="13.798361"><ele>1662</ele></trkpt>
      <trkpt lat="46.441001" lon="13.798404"><ele>1667</ele></trkpt>
      <trkpt lat="46.44109" lon="13.798349"><ele>1668</ele></trkpt>
      <trkpt lat="46.441138" lon="13.798279"><ele>1668</ele></trkpt>
      <trkpt lat="46.441227" lon="13.798264"><ele>1669</ele></trkpt>
      <trkpt lat="46.441288" lon="13.798291"><ele>1671</ele></trkpt>
      <trkpt lat="46.441347" lon="13.798408"><ele>1680</ele></trkpt>
      <trkpt lat="46.441334" lon="13.798497"><ele>1685</ele></trkpt>
      <trkpt lat="46.441377" lon="13.798556"><ele>1690</ele></trkpt>
      <trkpt lat="46.441473" lon="13.798641"><ele>1697</ele></trkpt>
      <trkpt lat="46.44161" lon="13.798735"><ele>1704</ele></trkpt>
      <trkpt lat="46.441693" lon="13.798739"><ele>1707</ele></trkpt>
      <trkpt lat="46.441828" lon="13.798852"><ele>1720</ele></trkpt>
      <trkpt lat="46.441943" lon="13.798906"><ele>1728</ele></trkpt>
      <trkpt lat="46.442015" lon="13.798867"><ele>1733</ele></trkpt>
      <trkpt lat="46.442117" lon="13.798778"><ele>1739</ele></trkpt>
      <trkpt lat="46.442171" lon="13.798797"><ele>1744</ele></trkpt>
      <trkpt lat="46.442214" lon="13.798887"><ele>1749</ele></trkpt>
      <trkpt lat="46.442327" lon="13.798964"><ele>1752</ele></trkpt>
      <trkpt lat="46.442447" lon="13.799023"><ele>1754</ele></trkpt>
      <trkpt lat="46.442474" lon="13.79919"><ele>1762</ele></trkpt>
      <trkpt lat="46.442579" lon="13.799338"><ele>1766</ele></trkpt>
      <trkpt lat="46.442622" lon="13.799463"><ele>1771</ele></trkpt>
      <trkpt lat="46.442579" lon="13.799338"><ele>1766</ele></trkpt>
      <trkpt lat="46.442474" lon="13.79919"><ele>1762</ele></trkpt>
      <trkpt lat="46.442447" lon="13.799023"><ele>1754</ele></trkpt>
      <trkpt lat="46.442327" lon="13.798964"><ele>1752</ele></trkpt>
      <trkpt lat="46.442214" lon="13.798887"><ele>1749</ele></trkpt>
      <trkpt lat="46.442171" lon="13.798797"><ele>1744</ele></trkpt>
      <trkpt lat="46.442117" lon="13.798778"><ele>1739</ele></trkpt>
      <trkpt lat="46.442015" lon="13.798867"><ele>1733</ele></trkpt>
      <trkpt lat="46.441943" lon="13.798906"><ele>1728</ele></trkpt>
      <trkpt lat="46.441828" lon="13.798852"><ele>1720</ele></trkpt>
      <trkpt lat="46.441693" lon="13.798739"><ele>1707</ele></trkpt>
      <trkpt lat="46.44161" lon="13.798735"><ele>1704</ele></trkpt>
      <trkpt lat="46.441473" lon="13.798641"><ele>1697</ele></trkpt>
      <trkpt lat="46.441377" lon="13.798556"><ele>1690</ele></trkpt>
      <trkpt lat="46.441334" lon="13.798497"><ele>1685</ele></trkpt>
      <trkpt lat="46.441347" lon="13.798408"><ele>1680</ele></trkpt>
      <trkpt lat="46.441288" lon="13.798291"><ele>1671</ele></trkpt>
      <trkpt lat="46.441227" lon="13.798264"><ele>1669</ele></trkpt>
      <trkpt lat="46.441138" lon="13.798279"><ele>1668</ele></trkpt>
      <trkpt lat="46.44109" lon="13.798349"><ele>1668</ele></trkpt>
      <trkpt lat="46.441001" lon="13.798404"><ele>1667</ele></trkpt>
      <trkpt lat="46.440956" lon="13.798361"><ele>1662</ele></trkpt>
      <trkpt lat="46.440875" lon="13.798384"><ele>1659</ele></trkpt>
      <trkpt lat="46.440824" lon="13.798341"><ele>1653</ele></trkpt>
      <trkpt lat="46.440765" lon="13.798353"><ele>1651</ele></trkpt>
      <trkpt lat="46.440706" lon="13.798396"><ele>1649</ele></trkpt>
      <trkpt lat="46.440687" lon="13.798517"><ele>1653</ele></trkpt>
      <trkpt lat="46.440677" lon="13.798653"><ele>1656</ele></trkpt>
      <trkpt lat="46.440677" lon="13.79882"><ele>1658</ele></trkpt>
      <trkpt lat="46.440658" lon="13.798992"><ele>1654</ele></trkpt>
      <trkpt lat="46.440593" lon="13.799206"><ele>1644</ele></trkpt>
      <trkpt lat="46.440583" lon="13.799299"><ele>1643</ele></trkpt>
      <trkpt lat="46.440526" lon="13.799327"><ele>1638</ele></trkpt>
      <trkpt lat="46.440459" lon="13.799377"><ele>1633</ele></trkpt>
      <trkpt lat="46.44043" lon="13.799463"><ele>1631</ele></trkpt>
      <trkpt lat="46.440432" lon="13.799502"><ele>1632</ele></trkpt>
      <trkpt lat="46.440397" lon="13.79956"><ele>1631</ele></trkpt>
      <trkpt lat="46.440341" lon="13.79972"><ele>1629</ele></trkpt>
      <trkpt lat="46.440306" lon="13.799899"><ele>1629</ele></trkpt>
      <trkpt lat="46.440215" lon="13.800008"><ele>1623</ele></trkpt>
      <trkpt lat="46.440116" lon="13.800066"><ele>1617</ele></trkpt>
      <trkpt lat="46.440011" lon="13.800296"><ele>1613</ele></trkpt>
      <trkpt lat="46.439915" lon="13.800331"><ele>1606</ele></trkpt>
      <trkpt lat="46.439893" lon="13.800397"><ele>1606</ele></trkpt>
      <trkpt lat="46.43989" lon="13.800514"><ele>1608</ele></trkpt>
      <trkpt lat="46.439824" lon="13.800658"><ele>1604</ele></trkpt>
      <trkpt lat="46.439793" lon="13.800853"><ele>1604</ele></trkpt>
      <trkpt lat="46.439755" lon="13.801019"><ele>1601</ele></trkpt>
      <trkpt lat="46.439684" lon="13.801174"><ele>1596</ele></trkpt>
      <trkpt lat="46.43962" lon="13.80129"><ele>1591</ele></trkpt>
      <trkpt lat="46.439571" lon="13.801305"><ele>1588</ele></trkpt>
      <trkpt lat="46.439472" lon="13.801616"><ele>1581</ele></trkpt>
      <trkpt lat="46.439386" lon="13.801686"><ele>1574</ele></trkpt>
      <trkpt lat="46.43937" lon="13.801748"><ele>1573</ele></trkpt>
      <trkpt lat="46.439351" lon="13.801893"><ele>1571</ele></trkpt>
      <trkpt lat="46.439236" lon="13.801982"><ele>1564</ele></trkpt>
      <trkpt lat="46.439082" lon="13.802016"><ele>1554</ele></trkpt>
      <trkpt lat="46.439024" lon="13.802029"><ele>1550</ele></trkpt>
      <trkpt lat="46.43886" lon="13.802118"><ele>1540</ele></trkpt>
      <trkpt lat="46.438669" lon="13.802344"><ele>1530</ele></trkpt>
      <trkpt lat="46.438457" lon="13.802508"><ele>1518</ele></trkpt>
      <trkpt lat="46.438364" lon="13.802617"><ele>1515</ele></trkpt>
      <trkpt lat="46.438286" lon="13.802632"><ele>1511</ele></trkpt>
      <trkpt lat="46.438205" lon="13.802582"><ele>1505</ele></trkpt>
      <trkpt lat="46.43809" lon="13.802539"><ele>1498</ele></trkpt>
      <trkpt lat="46.438017" lon="13.802535"><ele>1493</ele></trkpt>
      <trkpt lat="46.437958" lon="13.802613"><ele>1491</ele></trkpt>
      <trkpt lat="46.437835" lon="13.802737"><ele>1487</ele></trkpt>
      <trkpt lat="46.437722" lon="13.802866"><ele>1483</ele></trkpt>
      <trkpt lat="46.437612" lon="13.802917"><ele>1477</ele></trkpt>
      <trkpt lat="46.43758" lon="13.802971"><ele>1476</ele></trkpt>
      <trkpt lat="46.437575" lon="13.803088"><ele>1478</ele></trkpt>
      <trkpt lat="46.437387" lon="13.803302"><ele>1468</ele></trkpt>
      <trkpt lat="46.437277" lon="13.803407"><ele>1462</ele></trkpt>
      <trkpt lat="46.437229" lon="13.803543"><ele>1461</ele></trkpt>
      <trkpt lat="46.437121" lon="13.803676"><ele>1458</ele></trkpt>
      <trkpt lat="46.437081" lon="13.803754"><ele>1457</ele></trkpt>
      <trkpt lat="46.437019" lon="13.803917"><ele>1456</ele></trkpt>
      <trkpt lat="46.436958" lon="13.804011"><ele>1454</ele></trkpt>
      <trkpt lat="46.436893" lon="13.804089"><ele>1451</ele></trkpt>
      <trkpt lat="46.436826" lon="13.804198"><ele>1448</ele></trkpt>
      <trkpt lat="46.436703" lon="13.804275"><ele>1442</ele></trkpt>
      <trkpt lat="46.436601" lon="13.804268"><ele>1437</ele></trkpt>
      <trkpt lat="46.436461" lon="13.804182"><ele>1431</ele></trkpt>
      <trkpt lat="46.436375" lon="13.80417"><ele>1428</ele></trkpt>
      <trkpt lat="46.43634" lon="13.804225"><ele>1427</ele></trkpt>
      <trkpt lat="46.436265" lon="13.804244"><ele>1425</ele></trkpt>
      <trkpt lat="46.436221" lon="13.804273"><ele>1423</ele></trkpt>
      <trkpt lat="46.436182" lon="13.804299"><ele>1422</ele></trkpt>
      <trkpt lat="46.436144" lon="13.804163"><ele>1420</ele></trkpt>
      <trkpt lat="46.436085" lon="13.804112"><ele>1417</ele></trkpt>
      <trkpt lat="46.435922" lon="13.803894"><ele>1410</ele></trkpt>
      <trkpt lat="46.435857" lon="13.80375"><ele>1407</ele></trkpt>
      <trkpt lat="46.435788" lon="13.803719"><ele>1404</ele></trkpt>
      <trkpt lat="46.435729" lon="13.803617"><ele>1400</ele></trkpt>
      <trkpt lat="46.435726" lon="13.803516"><ele>1397</ele></trkpt>
      <trkpt lat="46.435688" lon="13.803341"><ele>1391</ele></trkpt>
      <trkpt lat="46.435651" lon="13.80324"><ele>1388</ele></trkpt>
      <trkpt lat="46.435645" lon="13.803037"><ele>1385</ele></trkpt>
      <trkpt lat="46.435635" lon="13.802959"><ele>1383</ele></trkpt>
      <trkpt lat="46.435557" lon="13.802874"><ele>1381</ele></trkpt>
      <trkpt lat="46.435514" lon="13.802761"><ele>1377</ele></trkpt>
      <trkpt lat="46.435433" lon="13.80264"><ele>1371</ele></trkpt>
      <trkpt lat="46.435361" lon="13.802414"><ele>1366</ele></trkpt>
      <trkpt lat="46.435323" lon="13.802204"><ele>1363</ele></trkpt>
      <trkpt lat="46.435243" lon="13.802052"><ele>1359</ele></trkpt>
      <trkpt lat="46.435235" lon="13.801916"><ele>1358</ele></trkpt>
      <trkpt lat="46.435152" lon="13.80176"><ele>1353</ele></trkpt>
      <trkpt lat="46.435071" lon="13.801585"><ele>1351</ele></trkpt>
      <trkpt lat="46.43502" lon="13.80139"><ele>1347</ele></trkpt>
      <trkpt lat="46.434991" lon="13.801231"><ele>1345</ele></trkpt>
      <trkpt lat="46.434991" lon="13.801125"><ele>1343</ele></trkpt>
      <trkpt lat="46.434907" lon="13.801032"><ele>1336</ele></trkpt>
      <trkpt lat="46.434895" lon="13.800932"><ele>1334</ele></trkpt>
      <trkpt lat="46.434857" lon="13.800875"><ele>1331</ele></trkpt>
      <trkpt lat="46.434756" lon="13.800826"><ele>1323</ele></trkpt>
      <trkpt lat="46.434726" lon="13.8008"><ele>1321</ele></trkpt>
      <trkpt lat="46.434735" lon="13.800731"><ele>1321</ele></trkpt>
      <trkpt lat="46.434727" lon="13.800698"><ele>1321</ele></trkpt>
      <trkpt lat="46.434673" lon="13.80064"><ele>1317</ele></trkpt>
      <trkpt lat="46.434552" lon="13.800558"><ele>1307</ele></trkpt>
      <trkpt lat="46.434487" lon="13.8005"><ele>1301</ele></trkpt>
      <trkpt lat="46.434424" lon="13.800423"><ele>1296</ele></trkpt>
      <trkpt lat="46.434376" lon="13.800337"><ele>1295</ele></trkpt>
      <trkpt lat="46.434191" lon="13.800235"><ele>1292</ele></trkpt>
      <trkpt lat="46.434113" lon="13.800175"><ele>1290</ele></trkpt>
      <trkpt lat="46.433967" lon="13.800087"><ele>1285</ele></trkpt>
      <trkpt lat="46.433914" lon="13.8001"><ele>1286</ele></trkpt>
      <trkpt lat="46.43384" lon="13.800073"><ele>1283</ele></trkpt>
      <trkpt lat="46.433766" lon="13.800092"><ele>1284</ele></trkpt>
      <trkpt lat="46.43371" lon="13.800056"><ele>1281</ele></trkpt>
      <trkpt lat="46.433646" lon="13.799974"><ele>1277</ele></trkpt>
      <trkpt lat="46.43357" lon="13.799902"><ele>1275</ele></trkpt>
      <trkpt lat="46.433502" lon="13.799817"><ele>1272</ele></trkpt>
      <trkpt lat="46.433468" lon="13.799767"><ele>1270</ele></trkpt>
      <trkpt lat="46.433449" lon="13.799701"><ele>1267</ele></trkpt>
      <trkpt lat="46.433416" lon="13.799679"><ele>1266</ele></trkpt>
      <trkpt lat="46.433266" lon="13.799514"><ele>1258</ele></trkpt>
      <trkpt lat="46.433177" lon="13.799437"><ele>1255</ele></trkpt>
      <trkpt lat="46.433143" lon="13.799346"><ele>1252</ele></trkpt>
      <trkpt lat="46.433043" lon="13.799247"><ele>1249</ele></trkpt>
      <trkpt lat="46.433027" lon="13.799178"><ele>1247</ele></trkpt>
      <trkpt lat="46.432982" lon="13.799156"><ele>1247</ele></trkpt>
      <trkpt lat="46.432938" lon="13.799085"><ele>1245</ele></trkpt>
      <trkpt lat="46.432876" lon="13.799043"><ele>1244</ele></trkpt>
      <trkpt lat="46.432849" lon="13.798966"><ele>1242</ele></trkpt>
      <trkpt lat="46.43284" lon="13.798884"><ele>1239</ele></trkpt>
      <trkpt lat="46.432845" lon="13.798779"><ele>1237</ele></trkpt>
      <trkpt lat="46.432866" lon="13.798622"><ele>1235</ele></trkpt>
      <trkpt lat="46.432862" lon="13.798537"><ele>1233</ele></trkpt>
      <trkpt lat="46.432845" lon="13.798443"><ele>1231</ele></trkpt>
      <trkpt lat="46.432832" lon="13.798325"><ele>1229</ele></trkpt>
      <trkpt lat="46.432813" lon="13.798234"><ele>1228</ele></trkpt>
      <trkpt lat="46.432769" lon="13.798137"><ele>1227</ele></trkpt>
      <trkpt lat="46.432718" lon="13.798088"><ele>1225</ele></trkpt>
      <trkpt lat="46.432585" lon="13.798003"><ele>1221</ele></trkpt>
      <trkpt lat="46.432583" lon="13.797848"><ele>1220</ele></trkpt>
      <trkpt lat="46.432602" lon="13.79778"><ele>1220</ele></trkpt>
      <trkpt lat="46.432612" lon="13.797697"><ele>1219</ele></trkpt>
      <trkpt lat="46.432576" lon="13.797634"><ele>1218</ele></trkpt>
      <trkpt lat="46.432576" lon="13.797568"><ele>1217</ele></trkpt>
      <trkpt lat="46.432549" lon="13.797482"><ele>1216</ele></trkpt>
      <trkpt lat="46.432509" lon="13.797394"><ele>1214</ele></trkpt>
      <trkpt lat="46.432433" lon="13.797273"><ele>1212</ele></trkpt>
      <trkpt lat="46.432403" lon="13.79697"><ele>1207</ele></trkpt>
      <trkpt lat="46.432424" lon="13.796863"><ele>1205</ele></trkpt>
      <trkpt lat="46.432416" lon="13.796557"><ele>1199</ele></trkpt>
      <trkpt lat="46.432424" lon="13.796488"><ele>1198</ele></trkpt>
      <trkpt lat="46.432403" lon="13.796441"><ele>1196</ele></trkpt>
      <trkpt lat="46.432395" lon="13.796375"><ele>1195</ele></trkpt>
      <trkpt lat="46.432375" lon="13.796348"><ele>1194</ele></trkpt>
      <trkpt lat="46.432358" lon="13.796309"><ele>1193</ele></trkpt>
      <trkpt lat="46.432358" lon="13.796262"><ele>1192</ele></trkpt>
      <trkpt lat="46.432373" lon="13.796232"><ele>1191</ele></trkpt>
      <trkpt lat="46.432373" lon="13.796172"><ele>1190</ele></trkpt>
      <trkpt lat="46.432337" lon="13.796075"><ele>1188</ele></trkpt>
      <trkpt lat="46.432314" lon="13.796039"><ele>1187</ele></trkpt>
      <trkpt lat="46.432329" lon="13.79596"><ele>1186</ele></trkpt>
      <trkpt lat="46.432306" lon="13.795921"><ele>1185</ele></trkpt>
      <trkpt lat="46.432282" lon="13.79583"><ele>1184</ele></trkpt>
      <trkpt lat="46.432285" lon="13.795748"><ele>1182</ele></trkpt>
      <trkpt lat="46.432304" lon="13.795676"><ele>1181</ele></trkpt>
      <trkpt lat="46.432299" lon="13.795615"><ele>1180</ele></trkpt>
      <trkpt lat="46.432232" lon="13.795514"><ele>1179</ele></trkpt>
      <trkpt lat="46.432246" lon="13.795417"><ele>1178</ele></trkpt>
      <trkpt lat="46.432291" lon="13.795343"><ele>1177</ele></trkpt>
      <trkpt lat="46.432333" lon="13.795258"><ele>1175</ele></trkpt>
      <trkpt lat="46.432354" lon="13.7952"><ele>1174</ele></trkpt>
      <trkpt lat="46.43235" lon="13.795139"><ele>1173</ele></trkpt>
      <trkpt lat="46.432369" lon="13.794971"><ele>1171</ele></trkpt>
      <trkpt lat="46.432426" lon="13.794886"><ele>1170</ele></trkpt>
      <trkpt lat="46.432447" lon="13.794792"><ele>1169</ele></trkpt>
      <trkpt lat="46.432526" lon="13.794679"><ele>1167</ele></trkpt>
      <trkpt lat="46.432553" lon="13.79455"><ele>1166</ele></trkpt>
      <trkpt lat="46.432555" lon="13.794467"><ele>1165</ele></trkpt>
      <trkpt lat="46.432593" lon="13.794393"><ele>1163</ele></trkpt>
      <trkpt lat="46.432661" lon="13.794222"><ele>1160</ele></trkpt>
      <trkpt lat="46.432642" lon="13.794178"><ele>1160</ele></trkpt>
      <trkpt lat="46.43268" lon="13.793837"><ele>1156</ele></trkpt>
      <trkpt lat="46.432711" lon="13.793716"><ele>1154</ele></trkpt>
      <trkpt lat="46.432755" lon="13.793586"><ele>1152</ele></trkpt>
      <trkpt lat="46.432755" lon="13.793516"><ele>1150</ele></trkpt>
      <trkpt lat="46.432781" lon="13.793442"><ele>1149</ele></trkpt>
      <trkpt lat="46.432807" lon="13.793413"><ele>1148</ele></trkpt>
      <trkpt lat="46.432875" lon="13.793282"><ele>1145</ele></trkpt>
      <trkpt lat="46.432899" lon="13.793142"><ele>1143</ele></trkpt>
      <trkpt lat="46.43297" lon="13.793047"><ele>1141</ele></trkpt>
      <trkpt lat="46.432991" lon="13.792972"><ele>1139</ele></trkpt>
      <trkpt lat="46.432975" lon="13.792905"><ele>1139</ele></trkpt>
      <trkpt lat="46.432978" lon="13.792857"><ele>1138</ele></trkpt>
      <trkpt lat="46.432958" lon="13.79278"><ele>1137</ele></trkpt>
      <trkpt lat="46.432976" lon="13.792653"><ele>1135</ele></trkpt>
      <trkpt lat="46.432972" lon="13.792605"><ele>1134</ele></trkpt>
      <trkpt lat="46.432956" lon="13.792552"><ele>1133</ele></trkpt>
      <trkpt lat="46.432936" lon="13.792502"><ele>1132</ele></trkpt>
      <trkpt lat="46.432903" lon="13.792457"><ele>1131</ele></trkpt>
      <trkpt lat="46.432838" lon="13.792437"><ele>1131</ele></trkpt>
      <trkpt lat="46.432817" lon="13.792416"><ele>1130</ele></trkpt>
      <trkpt lat="46.432809" lon="13.792371"><ele>1129</ele></trkpt>
      <trkpt lat="46.43279" lon="13.792315"><ele>1128</ele></trkpt>
      <trkpt lat="46.432746" lon="13.792229"><ele>1127</ele></trkpt>
      <trkpt lat="46.43273" lon="13.79218"><ele>1128</ele></trkpt>
      <trkpt lat="46.432733" lon="13.792089"><ele>1127</ele></trkpt>
      <trkpt lat="46.43272" lon="13.791978"><ele>1127</ele></trkpt>
      <trkpt lat="46.432736" lon="13.791919"><ele>1127</ele></trkpt>
      <trkpt lat="46.432758" lon="13.791859"><ele>1127</ele></trkpt>
      <trkpt lat="46.432803" lon="13.791801"><ele>1127</ele></trkpt>
      <trkpt lat="46.432858" lon="13.791666"><ele>1127</ele></trkpt>
      <trkpt lat="46.432896" lon="13.791629"><ele>1126</ele></trkpt>
      <trkpt lat="46.432924" lon="13.791586"><ele>1125</ele></trkpt>
      <trkpt lat="46.432912" lon="13.791559"><ele>1126</ele></trkpt>
      <trkpt lat="46.432897" lon="13.791546"><ele>1126</ele></trkpt>
      <trkpt lat="46.432888" lon="13.791474"><ele>1126</ele></trkpt>
      <trkpt lat="46.43286" lon="13.791396"><ele>1126</ele></trkpt>
      <trkpt lat="46.432865" lon="13.791324"><ele>1125</ele></trkpt>
      <trkpt lat="46.432805" lon="13.791244"><ele>1123</ele></trkpt>
      <trkpt lat="46.432797" lon="13.791187"><ele>1122</ele></trkpt>
      <trkpt lat="46.432818" lon="13.791141"><ele>1122</ele></trkpt>
      <trkpt lat="46.432892" lon="13.791036"><ele>1121</ele></trkpt>
      <trkpt lat="46.432917" lon="13.79101"><ele>1120</ele></trkpt>
      <trkpt lat="46.432963" lon="13.790995"><ele>1120</ele></trkpt>
      <trkpt lat="46.432993" lon="13.790946"><ele>1119</ele></trkpt>
      <trkpt lat="46.433007" lon="13.790915"><ele>1118</ele></trkpt>
      <trkpt lat="46.433017" lon="13.790864"><ele>1117</ele></trkpt>
      <trkpt lat="46.433019" lon="13.790812"><ele>1116</ele></trkpt>
      <trkpt lat="46.433034" lon="13.790734"><ele>1115</ele></trkpt>
      <trkpt lat="46.433058" lon="13.790668"><ele>1114</ele></trkpt>
      <trkpt lat="46.433088" lon="13.790609"><ele>1113</ele></trkpt>
      <trkpt lat="46.433155" lon="13.790537"><ele>1112</ele></trkpt>
      <trkpt lat="46.433214" lon="13.790436"><ele>1111</ele></trkpt>
      <trkpt lat="46.43327" lon="13.790414"><ele>1110</ele></trkpt>
      <trkpt lat="46.433309" lon="13.79037"><ele>1109</ele></trkpt>
      <trkpt lat="46.433411" lon="13.790335"><ele>1108</ele></trkpt>
      <trkpt lat="46.433439" lon="13.790305"><ele>1107</ele></trkpt>
      <trkpt lat="46.433466" lon="13.790235"><ele>1106</ele></trkpt>
      <trkpt lat="46.43348" lon="13.790175"><ele>1106</ele></trkpt>
      <trkpt lat="46.433509" lon="13.790138"><ele>1105</ele></trkpt>
      <trkpt lat="46.433545" lon="13.790113"><ele>1104</ele></trkpt>
      <trkpt lat="46.433567" lon="13.79007"><ele>1104</ele></trkpt>
      <trkpt lat="46.433556" lon="13.790025"><ele>1104</ele></trkpt>
      <trkpt lat="46.433528" lon="13.789955"><ele>1104</ele></trkpt>
      <trkpt lat="46.433523" lon="13.789883"><ele>1103</ele></trkpt>
      <trkpt lat="46.433527" lon="13.789838"><ele>1103</ele></trkpt>
      <trkpt lat="46.433571" lon="13.789791"><ele>1102</ele></trkpt>
      <trkpt lat="46.433588" lon="13.789712"><ele>1101</ele></trkpt>
      <trkpt lat="46.433555" lon="13.789608"><ele>1102</ele></trkpt>
      <trkpt lat="46.433527" lon="13.789616"><ele>1102</ele></trkpt>
      <trkpt lat="46.433485" lon="13.789603"><ele>1103</ele></trkpt>
      <trkpt lat="46.433446" lon="13.789531"><ele>1104</ele></trkpt>
      <trkpt lat="46.433384" lon="13.789285"><ele>1105</ele></trkpt>
      <trkpt lat="46.433333" lon="13.789194"><ele>1105</ele></trkpt>
      <trkpt lat="46.433282" lon="13.78912"><ele>1106</ele></trkpt>
      <trkpt lat="46.433159" lon="13.788962"><ele>1108</ele></trkpt>
      <trkpt lat="46.433115" lon="13.788869"><ele>1109</ele></trkpt>
      <trkpt lat="46.432978" lon="13.788633"><ele>1110</ele></trkpt>
      <trkpt lat="46.432958" lon="13.788538"><ele>1110</ele></trkpt>
      <trkpt lat="46.432925" lon="13.788454"><ele>1110</ele></trkpt>
      <trkpt lat="46.432807" lon="13.78831"><ele>1110</ele></trkpt>
      <trkpt lat="46.432717" lon="13.788271"><ele>1111</ele></trkpt>
      <trkpt lat="46.432699" lon="13.78823"><ele>1111</ele></trkpt>
      <trkpt lat="46.432633" lon="13.788201"><ele>1112</ele></trkpt>
      <trkpt lat="46.432575" lon="13.788123"><ele>1112</ele></trkpt>
      <trkpt lat="46.432544" lon="13.788063"><ele>1112</ele></trkpt>
      <trkpt lat="46.432543" lon="13.787996"><ele>1111</ele></trkpt>
      <trkpt lat="46.432556" lon="13.787895"><ele>1111</ele></trkpt>
      <trkpt lat="46.432536" lon="13.787813"><ele>1111</ele></trkpt>
      <trkpt lat="46.432453" lon="13.787796"><ele>1111</ele></trkpt>
      <trkpt lat="46.432422" lon="13.787831"><ele>1112</ele></trkpt>
      <trkpt lat="46.432385" lon="13.787806"><ele>1112</ele></trkpt>
      <trkpt lat="46.432378" lon="13.787704"><ele>1112</ele></trkpt>
      <trkpt lat="46.432426" lon="13.787648"><ele>1111</ele></trkpt>
    </trkseg>
  </trk>
</gpx>
